"Address","Content Type","Status Code","Status","Indexability","Indexability Status","Inlinks","Response Time","Redirect URL","Redirect Type"
"https://familyvest-site-i2mbk0hmw-amnfaardvarks-projects.vercel.app/","text/html; charset=utf-8","200","OK","Non-Indexable","Canonicalised,noindex","18","0.128","",""
"https://familyvest-site-i2mbk0hmw-amnfaardvarks-projects.vercel.app/login","","0","Blocked by robots.txt","Non-Indexable","Blocked by robots.txt","13","","",""
"https://familyvest-site-i2mbk0hmw-amnfaardvarks-projects.vercel.app/privacy","text/html; charset=utf-8","200","OK","Non-Indexable","Canonicalised,noindex","15","0.195","",""
"https://fonts.googleapis.com/css2?family=Cormorant+Garamond:ital,wght@0,300;0,400;0,500;0,600;0,700;1,300;1,400;1,500;1,600&family=DM+Sans:ital,wght@0,300;0,400;0,500;0,600;0,700;1,400&display=swap","text/css; charset=utf-8","200","OK","Indexable","","0","0.049","",""
"https://familyvest-site-i2mbk0hmw-amnfaardvarks-projects.vercel.app/about","text/html; charset=utf-8","200","OK","Non-Indexable","Canonicalised,noindex","25","0.311","",""
"https://familyvest-site-i2mbk0hmw-amnfaardvarks-projects.vercel.app/blog","text/html; charset=utf-8","200","OK","Non-Indexable","Canonicalised,noindex","25","0.352","",""
"https://familyvest-site-i2mbk0hmw-amnfaardvarks-projects.vercel.app/planning-special-needs","text/html; charset=utf-8","200","OK","Non-Indexable","Canonicalised,noindex","27","0.256","",""
"https://familyvest-site-i2mbk0hmw-amnfaardvarks-projects.vercel.app/planning-business-exits","text/html; charset=utf-8","200","OK","Non-Indexable","Canonicalised,noindex","27","0.300","",""
"https://www.instagram.com/family_vest/","text/html; charset=""utf-8""","200","OK","Indexable","","11","0.143","",""
"https://familyvest-site-i2mbk0hmw-amnfaardvarks-projects.vercel.app/planning","text/html; charset=utf-8","200","OK","Non-Indexable","Canonicalised,noindex","16","0.202","",""
"https://familyvest-site-i2mbk0hmw-amnfaardvarks-projects.vercel.app/disclosures","text/html; charset=utf-8","200","OK","Non-Indexable","Canonicalised,noindex","16","0.160","",""
"https://familyvest-site-i2mbk0hmw-amnfaardvarks-projects.vercel.app/planning-retirement","text/html; charset=utf-8","200","OK","Non-Indexable","Canonicalised,noindex","27","0.206","",""
"https://familyvest-site-i2mbk0hmw-amnfaardvarks-projects.vercel.app/terms","text/html; charset=utf-8","200","OK","Non-Indexable","Canonicalised,noindex","16","0.148","",""
"https://vercel.live/_next-live/feedback/feedback.js","application/javascript; charset=utf-8","200","OK","Indexable","","0","0.236","",""
"https://familyvest-site-i2mbk0hmw-amnfaardvarks-projects.vercel.app/contact","text/html; charset=utf-8","200","OK","Non-Indexable","Canonicalised,noindex","31","0.207","",""
"https://www.facebook.com/FamilyVest","text/html; charset=""utf-8""","200","OK","Indexable","","11","0.155","",""
"https://familyvest-site-i2mbk0hmw-amnfaardvarks-projects.vercel.app/investment-management","text/html; charset=utf-8","200","OK","Non-Indexable","Canonicalised,noindex","26","0.217","",""
"https://familyvest-site-i2mbk0hmw-amnfaardvarks-projects.vercel.app/adv","text/html; charset=utf-8","200","OK","Non-Indexable","Canonicalised,noindex","16","0.124","",""
"https://familyvest-site-i2mbk0hmw-amnfaardvarks-projects.vercel.app/get-started","text/html; charset=utf-8","200","OK","Non-Indexable","Canonicalised,noindex","48","0.198","",""
"https://familyvest.com/adv","text/html; charset=UTF-8","301","Moved Permanently","Non-Indexable","Redirected","0","0.325","https://www.familyvest.com/adv","HTTP Redirect"
"https://familyvest.com/get-started","text/html; charset=UTF-8","301","Moved Permanently","Non-Indexable","Redirected","0","0.340","https://www.familyvest.com/get-started","HTTP Redirect"
"https://familyvest.com/investment-management","text/html; charset=UTF-8","301","Moved Permanently","Non-Indexable","Redirected","0","0.356","https://www.familyvest.com/investment-management/","HTTP Redirect"
"https://familyvest.com/","text/html; charset=UTF-8","301","Moved Permanently","Non-Indexable","Redirected","0","0.430","https://www.familyvest.com/","HTTP Redirect"
"https://familyvest-site-i2mbk0hmw-amnfaardvarks-projects.vercel.app/assets/images/gs/family-beach-hawaii.jpg","text/html; charset=utf-8","404","Not Found","Non-Indexable","Client Error","0","0.096","",""
"https://familyvest-site-i2mbk0hmw-amnfaardvarks-projects.vercel.app/assets/images/gs/rv-road-trip.jpg","text/html; charset=utf-8","404","Not Found","Non-Indexable","Client Error","0","0.121","",""
"https://familyvest-site-i2mbk0hmw-amnfaardvarks-projects.vercel.app/assets/images/gs/special-needs-planning.jpg","text/html; charset=utf-8","404","Not Found","Non-Indexable","Client Error","0","0.126","",""
"https://familyvest-site-i2mbk0hmw-amnfaardvarks-projects.vercel.app/assets/images/gs/fishing-emerald-coast.jpg","text/html; charset=utf-8","404","Not Found","Non-Indexable","Client Error","0","0.092","",""
"https://maps.google.com/?cid=FamilyVest+Destin+FL","","0","Blocked by robots.txt","Non-Indexable","Blocked by robots.txt","1","","",""
"https://maps.google.com/maps?q=Destin,+FL&t=&z=13&ie=UTF8&iwloc=&output=embed","text/html","301","Moved Permanently","Non-Indexable","Redirected","0","0.051","https://www.google.com/maps/embed?origin=mfe&pb=!1m3!2m1!1sDestin,+FL!6i13","HTTP Redirect"
"https://www.google.com/maps/embed?pb=!1m18!1m12!1m3!1d5500!2d-86.4520!3d30.3895!2m3!1f0!2f0!3f0!3m2!1i1024!2i768!4f13.1!3m3!1m2!1s0x889159d5db24f479%3A0x4e1f1b0c8e7f7a0f!2s4300+Legendary+Dr%2C+Destin%2C+FL+32541!5e0!3m2!1sen!1sus!4v1","","0","Blocked by robots.txt","Non-Indexable","Blocked by robots.txt","0","","",""
"https://familyvest.com/contact","text/html; charset=UTF-8","301","Moved Permanently","Non-Indexable","Redirected","0","0.188","https://www.familyvest.com/contact/","HTTP Redirect"
"https://familyvest.com/terms","text/html; charset=UTF-8","301","Moved Permanently","Non-Indexable","Redirected","0","0.210","https://www.familyvest.com/terms","HTTP Redirect"
"https://familyvest.com/planning-retirement","text/html; charset=UTF-8","301","Moved Permanently","Non-Indexable","Redirected","0","0.224","https://www.familyvest.com/planning-retirement","HTTP Redirect"
"https://familyvest.com/disclosures","text/html; charset=UTF-8","301","Moved Permanently","Non-Indexable","Redirected","0","0.222","https://www.familyvest.com/disclosures","HTTP Redirect"
"https://familyvest.com/planning","text/html; charset=UTF-8","301","Moved Permanently","Non-Indexable","Redirected","0","0.267","https://www.familyvest.com/planning","HTTP Redirect"
"https://www.linkedin.com/in/toddsensing/","","301","Moved Permanently","Non-Indexable","Redirected","11","0.926","https://www.linkedin.com/in/toddsensing","HTTP Redirect"
"https://familyvest.com/planning-business-exits","text/html; charset=UTF-8","301","Moved Permanently","Non-Indexable","Redirected","0","0.193","https://www.familyvest.com/planning-business-exits","HTTP Redirect"
"https://familyvest.com/planning-special-needs","text/html; charset=UTF-8","301","Moved Permanently","Non-Indexable","Redirected","0","0.198","https://www.familyvest.com/planning-special-needs","HTTP Redirect"
"https://familyvest.com/blog","text/html; charset=UTF-8","301","Moved Permanently","Non-Indexable","Redirected","0","0.197","https://www.familyvest.com/blog/","HTTP Redirect"
"https://familyvest.com/about","text/html; charset=UTF-8","301","Moved Permanently","Non-Indexable","Redirected","0","0.192","https://www.familyvest.com/about/","HTTP Redirect"
"https://familyvest.com/privacy","text/html; charset=UTF-8","301","Moved Permanently","Non-Indexable","Redirected","0","0.184","https://www.familyvest.com/privacy","HTTP Redirect"
"https://www.familyvest.com/blog/","text/html; charset=UTF-8","200","OK","Indexable","","10","0.059","",""
"https://familyvest-site-i2mbk0hmw-amnfaardvarks-projects.vercel.app/autism-resource-navigator","text/html; charset=utf-8","200","OK","Non-Indexable","Canonicalised,noindex","54","0.309","",""
"https://www.artsforautism.net/","text/html; charset=utf-8","200","OK","Indexable","","1","0.206","",""
"https://www.p2pusa.org/","text/html; charset=UTF-8","200","OK","Indexable","","1","0.068","",""
"https://www.surfershealing.org/","text/html; charset=UTF-8","200","OK","Indexable","","1","0.300","",""
"https://autismtn.org/","text/html; charset=UTF-8","403","Forbidden","Non-Indexable","Client Error","1","0.133","",""
"https://www.gillenbrewer.com/","text/html; charset=UTF-8","200","OK","Indexable","","1","0.113","",""
"https://jobpathnyc.org/","text/html; charset=UTF-8","301","Moved Permanently","Non-Indexable","Redirected","1","0.118","https://www.jobpathnyc.org/","HTTP Redirect"
"https://www.dpcolo.org/","text/html; charset=UTF-8","200","OK","Indexable","","1","0.075","",""
"https://sevitahealth.com/rem-community/rem-nevada/","text/html; charset=UTF-8","403","Forbidden","Non-Indexable","Client Error","1","0.044","",""
"https://icahn.mssm.edu/research/seaver","text/html;charset=UTF-8","200","OK","Indexable","","1","1.299","",""
"https://www.acgtherapy.com/","text/html; charset=iso-8859-1","403","Forbidden","Non-Indexable","Client Error","1","0.230","",""
"https://www.nashuacenter.org/","text/html;charset=utf-8","200","OK","Indexable","","1","0.092","",""
"https://www.adventhealth.com/hospital/adventhealth-children/","text/html; charset=utf-8","301","Moved Permanently","Non-Indexable","Redirected","1","0.194","https://www.adventhealth.com/hospital/adventhealth-children","HTTP Redirect"
"https://utswmed.org/conditions-treatments/autism/","text/html; charset=utf-8","200","OK","Indexable","","1","0.818","",""
"https://www.flutiefoundation.org/","text/html","301","Moved Permanently","Non-Indexable","Redirected","1","0.162","https://flutiefoundation.org/","HTTP Redirect"
"https://www.projectrex.org/","text/html; charset=UTF-8","200","OK","Indexable","","1","0.146","",""
"https://www.autismbehaviorservices.com/","text/html; charset=UTF-8","301","Moved Permanently","Non-Indexable","Redirected","1","0.477","https://autismbehaviorservices.com/","HTTP Redirect"
"https://www.aaneny.org/","text/html; charset=utf-8","200","OK","Indexable","","1","0.081","",""
"https://autismnj.org/event/autism-start-here-virtual-meetup-2/","text/html; charset=UTF-8","200","OK","Indexable","","1","0.114","",""
"https://childrens-aba.org/locations/new-jersey/","text/html; charset=UTF-8","200","OK","Indexable","","1","0.704","",""
"https://familyvest.com/autism-resource-navigator","text/html; charset=UTF-8","301","Moved Permanently","Non-Indexable","Redirected","0","0.178","https://www.familyvest.com/autism-resource-navigator","HTTP Redirect"
"https://www.vistalifeinnovations.org/","text/html; charset=utf-8","200","OK","Indexable","","1","1.319","",""
"https://whmusictherapy.com/","text/html; charset=UTF-8","200","OK","Indexable","","1","0.276","",""
"https://autismfamilyservicesnj.org/","text/html","301","Moved Permanently","Non-Indexable","Redirected","2","0.339","https://www.familyresourcenetwork.org/autism-family-services-of-new-jersey/","HTTP Redirect"
"https://www.ahrcnyc.org/services/community/day-services/day-habilitation/","text/html; charset=UTF-8","200","OK","Indexable","","1","0.078","",""
"https://jonathanslanding.org/","text/html; charset=UTF-8","200","OK","Indexable","","1","1.994","",""
"https://ubhc.rutgers.edu/","text/html; charset=utf-8","200","OK","Indexable","","1","0.257","",""
"https://phoenixchildrens.org/specialties-conditions/autism-program","text/html; charset=UTF-8","200","OK","Indexable","","1","0.144","",""
"https://opi.mt.gov/Educators/School-Climate-Student-Wellness/Special-Education/Montana-Autism-Education-Project-MAEP","text/html; charset=utf-8","301","Moved Permanently","Non-Indexable","Redirected","1","0.257","https://opi.mt.gov/Educators/School-Climate-Student-Wellness/Special-Education/MAEP","HTTP Redirect"
"https://thecolorofautism.org/","text/html; charset=UTF-8","200","OK","Indexable","","1","0.054","",""
"https://glenwood.org/services/adult-autism-services/","text/html; charset=UTF-8","200","OK","Indexable","","1","0.677","",""
"https://www.simplytherapyfwb.com/","text/html; charset=UTF-8","200","OK","Indexable","","1","0.088","",""
"https://bluesprigautism.com/","text/html; charset=UTF-8","301","Moved Permanently","Non-Indexable","Redirected","3","0.499","https://www.bluesprigautism.com/","HTTP Redirect"
"https://autism.emory.edu/","text/html; charset=iso-8859-1","302","Found","Non-Indexable","Redirected","1","0.223","https://med.emory.edu/departments/psychiatry/autism/index.html","HTTP Redirect"
"https://www.chrysalisacademy.org/","text/html; charset=utf-8","404","Not Found","Non-Indexable","Client Error","1","0.157","",""
"https://afirm.fpg.unc.edu/","text/html; charset=UTF-8","200","OK","Indexable","","1","1.047","",""
"https://www.poac.net/","text/html; charset=UTF-8","200","OK","Indexable","","1","0.465","",""
"https://www.elsforautism.org/","text/html; charset=UTF-8","200","OK","Indexable","","1","0.280","",""
"https://www.carelinksaba.com/south-dakota","text/html; charset=UTF-8","200","OK","Indexable","","1","0.099","",""
"https://www.massgeneral.org/children/autism","","301","Moved Permanently","Non-Indexable","Redirected","1","0.100","https://www.massgeneral.org/children/autism/lurie-center","HTTP Redirect"
"https://fastfeetnyc.org/","","0","DNS lookup failed","Non-Indexable","No Response","1","","",""
"https://wiautism.com/","text/html; charset=UTF-8","200","OK","Indexable","","1","0.306","",""
"https://glenwood.org/services/child-adolescent-services/allan-cott-school/","text/html; charset=UTF-8","200","OK","Indexable","","1","0.487","",""
"https://dmh.mo.gov/dev-disabilities","text/html; charset=UTF-8","200","OK","Indexable","","1","0.060","",""
"https://mygiantsteps.org/schools-and-programs/canopy/","text/html; charset=UTF-8","200","OK","Indexable","","1","1.012","",""
"https://fvnd.org/autism/","text/html; charset=UTF-8","200","OK","Indexable","","2","1.669","",""
"https://unpkg.com/leaflet.markercluster@1.5.3/dist/MarkerCluster.css","text/css","200","OK","Indexable","","0","0.071","",""
"https://dentalmedicine.uconn.edu/","text/html; charset=UTF-8","200","OK","Indexable","","1","0.155","",""
"https://autismnj.org/annual-conference/","text/html; charset=UTF-8","200","OK","Indexable","","1","0.156","",""
"https://www.asmonline.org/","text/html; charset=UTF-8","200","OK","Indexable","","1","0.506","",""
"https://nextstepbhs.com/","text/html","200","OK","Indexable","","1","0.287","",""
"https://northnaplestherapy.com/","","301","Moved Permanently","Non-Indexable","Redirected","1","0.079","https://www.northnaplestherapy.com/","HTTP Redirect"
"https://teacch.com/","text/html; charset=UTF-8","200","OK","Indexable","","1","0.052","",""
"https://www.elsforautism.org/the-adult-day-training-program/","text/html; charset=UTF-8","200","OK","Indexable","","1","0.255","",""
"https://www.brownhealth.org/centers-services/center-autism-and-developmental-disabilities-cadd","text/html; charset=UTF-8","200","OK","Indexable","","1","1.910","",""
"https://www.greystoneprograms.org/services/residential-services","text/html; charset=UTF-8","200","OK","Indexable","","1","0.074","",""
"https://hammer.org/","text/html; charset=UTF-8","200","OK","Indexable","","1","0.102","",""
"https://www.autismup.org/","text/html; charset=utf-8","200","OK","Indexable","","1","0.493","",""
"https://childrenswi.org/find-care/mental-behavioral-health/center-for-child-development","text/html; charset=utf-8","200","OK","Indexable","","1","0.389","",""
"https://www.njspeechpathologist.com/autism-speech-therapy/","text/html; charset=utf-8","200","OK","Indexable","","1","0.287","",""
"https://www.abranchaboveaba.com/","","0","DNS lookup failed","Non-Indexable","No Response","1","","",""
"https://nextforautism.org/our-work/nyc-autism-charter-school/","text/html; charset=UTF-8","200","OK","Indexable","","1","0.204","",""
"https://www.behavior-analysis.org/","text/html; charset=UTF-8","200","OK","Indexable","","1","0.123","",""
"https://www.prosperhealth.com/","text/html","403","Forbidden","Non-Indexable","Client Error","1","0.251","",""
"https://www.research.chop.edu/car","text/html; charset=UTF-8","403","Forbidden","Non-Indexable","Client Error","1","0.153","",""
"https://www.eastersealshawaii.org/autism-services/","text/html; charset=UTF-8","200","OK","Indexable","","1","1.665","",""
"https://community-autism-resources.com/","text/html; charset=UTF-8","200","OK","Indexable","","1","0.551","",""
"https://www.umc.edu/","text/html; charset=utf-8","200","OK","Indexable","","1","0.074","",""
"https://dentallifeline.org/","text/html; charset=UTF-8","200","OK","Indexable","","1","0.106","",""
"https://www.abacenterstn.com/","text/html; charset=UTF-8","200","OK","Indexable","","1","0.100","",""
"https://www.autismsocietyofindiana.org/","text/html; charset=UTF-8","200","OK","Indexable","","1","0.219","",""
"https://ldh.la.gov/page/134","text/html;charset=UTF-8","200","OK","Indexable","","1","0.235","",""
"https://njms.rutgers.edu/autismcenter/","text/html; charset=UTF-8","200","OK","Indexable","","1","0.084","",""
"https://www.catholichealthli.org/developmental-pediatrics","text/html; charset=UTF-8","200","OK","Indexable","","1","2.110","",""
"https://www.kansashealthsystem.com/care/conditions/autism","text/html; charset=utf-8","200","OK","Indexable","","1","0.208","",""
"https://www.mtbethelvillage.com/","text/html; charset=UTF-8","200","OK","Indexable","","1","0.103","",""
"https://chfs.ky.gov/agencies/dbhdid/Pages/default.aspx","","301","Moved Permanently","Non-Indexable","Redirected","1","0.082","https://www.chfs.ky.gov/agencies/dbhdid/Pages/default.aspx","HTTP Redirect"
"https://yaleschoolnj.com/","text/html; charset=UTF-8","200","OK","Indexable","","1","0.072","",""
"https://healthcare.ascension.org/locations/florida/flpen/sfch","text/html; charset=utf-8","200","OK","Indexable","","1","1.003","",""
"https://card.ufl.edu/support-social-groups/","text/html; charset=UTF-8","200","OK","Indexable","","1","0.082","",""
"https://www.achievebeyondusa.com/","text/html; charset=UTF-8","200","OK","Indexable","","1","0.051","",""
"https://imaginecolorado.org/","text/html; charset=UTF-8","200","OK","Indexable","","1","2.450","",""
"https://vistadelmar.org/school","text/html","301","Moved Permanently","Non-Indexable","Redirected","1","0.227","https://www.vistadelmar.org/school","HTTP Redirect"
"https://www.innercircleautism.com/","text/html; charset=UTF-8","200","OK","Indexable","","1","0.170","",""
"https://ascendautism.com/nashville-tn","text/html; charset=UTF-8","301","Moved Permanently","Non-Indexable","Redirected","1","0.541","https://ascendautism.com/nashville-tn/","HTTP Redirect"
"https://www.necc.org/","text/html; charset=UTF-8","200","OK","Indexable","","1","0.187","",""
"https://givebutter.com/c/aag26","text/html; charset=utf-8","200","OK","Indexable","","1","0.883","",""
"https://vkc.vumc.org/","text/html; charset=utf-8","302","Found","Non-Indexable","Redirected","1","0.208","https://vkc.vumc.org/vkc/","HTTP Redirect"
"https://www.abacentersde.com/","text/html; charset=UTF-8","200","OK","Indexable","","1","0.097","",""
"https://asgo.org/social-skills-groups/","","301","Moved Permanently","Non-Indexable","Redirected","1","0.095","https://www.asgo.org/social-skills-groups","HTTP Redirect"
"https://spectrum360.org/","text/html; charset=UTF-8","200","OK","Indexable","","1","0.111","",""
"https://surfersforautism.org/","text/html;charset=utf-8","200","OK","Indexable","","1","0.070","",""
"https://autismnj.org/events/","text/html; charset=UTF-8","301","Moved Permanently","Non-Indexable","Redirected","1","0.191","https://autismnj.org/events-calendar/","HTTP Redirect"
"https://www.copaa.org/","text/html; charset=UTF-8","403","Forbidden","Non-Indexable","Client Error","1","0.148","",""
"https://autismsociety.org/national-conference/","text/html; charset=UTF-8","404","Not Found","Non-Indexable","Client Error","1","0.617","",""
"https://www.nemours.org/conditions-treatments/autism.html","text/html;charset=utf-8","200","OK","Indexable","","1","0.143","",""
"https://www.thesummitcenter.org/what-we-do/adult-division/day-programs-for-adults-with-autism/","text/html; charset=UTF-8","200","OK","Indexable","","1","0.464","",""
"https://dcautismsociety.squarespace.com/","text/html;charset=utf-8","200","OK","Indexable","","1","0.259","",""
"https://www.hillsideboise.com/","text/html; charset=UTF-8","200","OK","Indexable","","1","0.209","",""
"https://thearcinhawaii.org/","text/html; charset=UTF-8","200","OK","Indexable","","1","1.981","",""
"https://www.pathwayschool.org/","text/html; charset=UTF-8","200","OK","Indexable","","1","0.298","",""
"https://www.nnhidaho.com/our-services/autism-diagnostic-clinic/","text/html; charset=UTF-8","200","OK","Indexable","","1","0.477","",""
"https://www.autismsocietyhi.org/","text/html;charset=utf-8","200","OK","Indexable","","1","0.056","",""
"https://www.greaterpensacolabs.com/","","0","DNS lookup failed","Non-Indexable","No Response","1","","",""
"https://www.risingtreetops.org/","text/html; charset=UTF-8","301","Moved Permanently","Non-Indexable","Redirected","1","1.725","https://risingtreetops.org/","HTTP Redirect"
"https://www.questnj.org/adult-day-program","text/html; charset=UTF-8","200","OK","Indexable","","1","0.088","",""
"https://ahs.atlantichealth.org/conditions-treatments/childrens-health/child-development.html","text/html;charset=utf-8","200","OK","Indexable","","1","0.088","",""
"https://grodennetwork.org/","text/html; charset=UTF-8","200","OK","Indexable","","1","0.552","",""
"https://www.breakthroughtherapyservices.com/","text/html; charset=UTF-8","200","OK","Indexable","","1","0.103","",""
"https://www.lifescapesd.org/","text/html; charset=UTF-8","200","OK","Indexable","","1","0.065","",""
"https://www.bancroft.org/","text/html; charset=UTF-8","200","OK","Indexable","","2","0.092","",""
"https://www.spectrumhuman.org/SCS","text/html; charset=utf-8","200","OK","Indexable","","1","0.269","",""
"https://www.path2potential.org/","text/html; charset=UTF-8","200","OK","Indexable","","1","0.487","",""
"https://autismofpa.org/","text/html; charset=UTF-8","200","OK","Indexable","","1","0.066","",""
"https://www.amctheatres.com/programs/sensory-friendly-films","text/html; charset=UTF-8","403","Forbidden","Non-Indexable","Client Error","1","0.050","",""
"https://westbridgeacademy.org/","text/html; charset=UTF-8","200","OK","Indexable","","1","1.374","",""
"https://www.allcaretherapy.com/","text/html; charset=UTF-8","301","Moved Permanently","Non-Indexable","Redirected","1","0.388","https://www.h2health.com/locations/back-to-work-physical-therapy/st-petersburg-fl/","HTTP Redirect"
"https://www.remnorthdakota.com/","","301","Moved Permanently","Non-Indexable","Redirected","1","0.061","https://sevitahealth.com/rem-community/rem-north-dakota/","HTTP Redirect"
"https://www.autismcolorado.org/","text/html; charset=UTF-8","200","OK","Indexable","","1","0.100","",""
"https://reednext.com/reed-next-residential/","text/html; charset=UTF-8","200","OK","Indexable","","1","0.069","",""
"https://www.aane.org/","text/html; charset=UTF-8","403","Forbidden","Non-Indexable","Client Error","1","0.141","",""
"https://www.southflspeech.com/","text/html;charset=utf-8","200","OK","Indexable","","1","0.050","",""
"https://www.mcs-nola.org/","text/html; charset=UTF-8","200","OK","Indexable","","1","0.103","",""
"https://morganswonderland.org/","text/html; charset=UTF-8","200","OK","Indexable","","1","0.185","",""
"https://www.virtushealth.com/","text/html","200","OK","Indexable","","1","0.084","",""
"https://thinkcollege.net/","text/html; charset=UTF-8","403","Forbidden","Non-Indexable","Client Error","1","0.045","",""
"https://www.achieva.info/","text/html; Charset=utf-8","200","OK","Indexable","","1","0.242","",""
"https://graceschool.com/","text/html; charset=UTF-8","200","OK","Indexable","","1","1.433","",""
"https://learning4lifefarm.org/","text/html; charset=UTF-8","200","OK","Indexable","","1","0.087","",""
"https://thesunridgeranch.com/","text/html; charset=UTF-8","200","OK","Indexable","","1","1.648","",""
"https://unpkg.com/leaflet.markercluster@1.5.3/dist/MarkerCluster.Default.css","text/css","200","OK","Indexable","","0","0.129","",""
"https://www.autismsociety-nc.org/","text/html; charset=UTF-8","200","OK","Indexable","","1","0.068","",""
"https://www.nwcenter.org/","text/html; charset=UTF-8","200","OK","Indexable","","1","0.118","",""
"https://www.marrakechinc.org/","text/html; charset=UTF-8","200","OK","Indexable","","1","0.109","",""
"https://www.feedingmatters.org/","text/html; charset=utf-8","200","OK","Indexable","","1","0.206","",""
"https://www.specialneedsalliance.org/","text/html; charset=UTF-8","200","OK","Indexable","","1","0.314","",""
"https://sosapproachtofeeding.com/","text/html; charset=UTF-8","200","OK","Indexable","","1","0.074","",""
"https://www.bacotacademy.org/","text/html; charset=UTF-8","301","Moved Permanently","Non-Indexable","Redirected","1","0.179","https://bacotacademy.org/","HTTP Redirect"
"https://www.guggenheim.org/","text/html; charset=UTF-8","200","OK","Indexable","","1","1.552","",""
"https://www.drpritikothari.com/","text/html; charset=UTF-8","200","OK","Indexable","","1","0.371","",""
"https://www.in.gov/fssa/ddars/bds/","text/html; charset=UTF-8","200","OK","Indexable","","1","0.109","",""
"https://www.nemours.org/services/swank-autism-center.html","text/html;charset=utf-8","200","OK","Indexable","","1","0.549","",""
"https://www.autismfamiliesct.org/","text/html;charset=utf-8","200","OK","Indexable","","1","0.113","",""
"https://www.autismtreatmentresearch.org/","text/html; charset=UTF-8","200","OK","Indexable","","1","0.943","",""
"https://www.ddiny.org/","text/html;charset=utf-8","200","OK","Indexable","","1","0.319","",""
"https://www.autismpensacola.org/","text/html","301","Moved Permanently","Non-Indexable","Redirected","1","0.169","https://autismpensacola.org/","HTTP Redirect"
"https://gardenautism.org/adult-programming","text/html;charset=utf-8","200","OK","Indexable","","1","0.079","",""
"https://scautism.org/","text/html; charset=UTF-8","200","OK","Indexable","","1","0.124","",""
"https://jaxbloom.com/","text/html; charset=UTF-8","200","OK","Indexable","","1","0.125","",""
"https://trellisservices.com/","text/html; charset=UTF-8","200","OK","Indexable","","1","0.340","",""
"https://stridecenters.com/","text/html; charset=UTF-8","200","OK","Indexable","","1","0.253","",""
"https://jacksonautismcenter.com/","text/html; charset=UTF-8","200","OK","Indexable","","1","0.266","",""
"https://www.medpsych.net/lakewood-ranch/","text/html; charset=UTF-8","200","OK","Indexable","","1","2.535","",""
"https://www.autismsupportofkentcounty.org/","text/html;charset=utf-8","200","OK","Indexable","","1","0.065","",""
"https://autism.psychiatry.ufl.edu/","text/html; charset=UTF-8","200","OK","Indexable","","1","0.067","",""
"https://nevadaautism.com/","text/html; charset=UTF-8","200","OK","Indexable","","2","0.115","",""
"https://www.childrenshospitalvanderbilt.org/clinic/autism-care-children","text/html; charset=utf-8","200","OK","Indexable","","1","0.824","",""
"https://www.commonwealthautism.org/","text/html; charset=UTF-8","200","OK","Indexable","","1","0.318","",""
"https://www.gtac-ms.org/","text/html; charset=UTF-8","200","OK","Indexable","","1","0.130","",""
"https://tendersmiles4kids.com/","text/html; charset=iso-8859-1","301","Moved Permanently","Non-Indexable","Redirected","1","0.178","https://www.tendersmiles4kids.com/","HTTP Redirect"
"https://www.luriechildrens.org/en/specialties-conditions/autism/","text/html; charset=utf-8","200","OK","Indexable","","1","1.630","",""
"https://newstoryschools.com/locations-overview/ohio/columbus","text/html; charset=UTF-8","200","OK","Indexable","","1","0.050","",""
"https://www.pacificautism.org/","text/html; charset=UTF-8","200","OK","Indexable","","1","0.143","",""
"https://pediatrics.northwell.edu/departments-services/pediatric-neurology/find-care/conditions/autism-spectrum-disorder","text/html; charset=UTF-8","403","Forbidden","Non-Indexable","Client Error","1","0.146","",""
"https://dental.nova.edu/","text/html","200","OK","Indexable","","1","0.087","",""
"https://depts.washington.edu/uwautism/","text/html; charset=UTF-8","200","","Indexable","","1","4.759","",""
"https://www.abainternational.org/events/autism-2026.aspx","text/html; charset=utf-8","200","OK","Indexable","","1","0.301","",""
"https://thelionheartschool.com/","text/html; charset=UTF-8","200","OK","Indexable","","1","0.813","",""
"https://www.oregon.gov/odhs/idd/pages/default.aspx","text/html; charset=utf-8","200","OK","Indexable","","1","0.353","",""
"https://siblingsupport.org/","text/html; charset=UTF-8","200","OK","Indexable","","1","1.216","",""
"https://www.pcdi.org/","text/html; charset=UTF-8","301","Moved Permanently","Non-Indexable","Redirected","1","0.642","https://pcdi.org/","HTTP Redirect"
"https://ndautismcenter.org/","text/html; charset=UTF-8","200","OK","Indexable","","2","0.079","",""
"https://www.hackensackmeridianhealth.org/","","301","Moved Permanently","Non-Indexable","Redirected","1","0.069","https://www.hackensackmeridianhealth.org/en/","HTTP Redirect"
"https://dphhs.mt.gov/BHDD/DisabilityServices/developmentaldisabilities/","text/html","200","OK","Indexable","","1","0.109","",""
"https://shodair.org/","text/html; charset=UTF-8","200","OK","Indexable","","1","1.272","",""
"https://pubmed.ncbi.nlm.nih.gov/?term=autism+spectrum+disorder&sort=date","text/html; charset=iso-8859-1","302","Found","Non-Indexable","Redirected","1","0.173","https://misuse.ncbi.nlm.nih.gov/error/abuse.shtml?term=autism+spectrum+disorder&sort=date","HTTP Redirect"
"https://kfrg.com/","","0","DNS lookup failed","Non-Indexable","No Response","1","","",""
"https://dental.ufl.edu/","text/html; charset=UTF-8","200","OK","Indexable","","1","0.073","",""
"https://www.monarchcenterforautism.org/","text/html; charset=utf-8","200","OK","Indexable","","1","0.312","",""
"https://www.childrensnebraska.org/specialties/autism-diagnostic-clinic","text/html; charset=utf-8","200","OK","Indexable","","1","5.024","",""
"https://glenwood.org/","text/html; charset=UTF-8","200","OK","Indexable","","1","0.665","",""
"https://humanservices.arkansas.gov/divisions-shared-services/developmental-disabilities-services/","text/html; charset=UTF-8","200","OK","Indexable","","1","0.145","",""
"https://unmhealth.org/services/development-disabilities/programs/clinics/autism-evaluation.html","text/html; charset=utf-8","200","OK","Indexable","","1","0.084","",""
"https://www.kennedykrieger.org/patient-care/centers-and-programs/center-for-autism-services-science-and-innovation","text/html; charset=UTF-8","200","OK","Indexable","","2","0.169","",""
"https://www.nyfoundling.org/what-we-do/our-programs/developmental-disabilities/residential-services/","text/html; charset=UTF-8","200","OK","Indexable","","1","0.171","",""
"https://www.iancommunity.org/","text/html","301","Moved Permanently","Non-Indexable","Redirected","1","0.351","https://www.kennedykrieger.org/interactive-autism-network?utm_source=iancommunity.org&utm_medium=redirect&utm_campaign=iancommunity.org-article","HTTP Redirect"
"https://www.bravewingstherapy.com/","text/html;charset=utf-8","200","OK","Indexable","","1","0.098","",""
"https://www.asaheartland.org/","text/html; charset=UTF-8","200","OK","Indexable","","1","0.155","",""
"https://www.play4autism.org/","text/html; charset=UTF-8","200","OK","Indexable","","1","2.011","",""
"https://www.rethinkfirst.com/","text/html; charset=UTF-8","200","OK","Indexable","","1","0.225","",""
"https://www.fraser.org/services/autism","text/html; charset=utf-8","200","OK","Indexable","","1","1.658","",""
"https://brightsideabatherapy.com/lakeland/","text/html; charset=UTF-8","200","OK","Indexable","","1","0.090","",""
"https://www.gillettechildrens.org/","text/html; charset=UTF-8","200","OK","Indexable","","1","2.575","",""
"https://www.kdads.ks.gov/","text/html; charset=utf-8","200","OK","Indexable","","1","0.313","",""
"https://www.alpinelearninggroup.org/","text/html; charset=UTF-8","200","OK","Indexable","","1","0.065","",""
"https://www.muschealth.org/","text/html; charset=UTF-8","301","Moved Permanently","Non-Indexable","Redirected","1","0.253","https://muschealth.org/","HTTP Redirect"
"https://odysseyautismabatherapy.com/","text/html; charset=UTF-8","200","OK","Indexable","","1","0.169","",""
"https://www.doublecareaba.com/","text/html; charset=utf-8","200","OK","Indexable","","1","0.114","",""
"https://www.autismsocietyri.com/","text/html; charset=utf-8","404","Not Found","Non-Indexable","Client Error","1","0.196","",""
"https://exceptionalmindsstudio.org/","text/html; charset=utf-8","301","Moved Permanently","Non-Indexable","Redirected","1","0.193","https://exceptional-minds.org/","HTTP Redirect"
"https://autismallianceofmichigan.org/","text/html; charset=UTF-8","200","OK","Indexable","","1","0.082","",""
"https://www.therapybarn.org/","text/html; charset=UTF-8","200","OK","Indexable","","1","3.240","",""
"https://proactivelivingfacility.org/","text/html;charset=utf-8","200","OK","Indexable","","1","0.115","",""
"https://acesaba.com/","text/html","308","Permanent Redirect","Non-Indexable","Redirected","1","0.200","https://www.acesaba.com/","HTTP Redirect"
"https://www.atlasforautism.org/","text/html; charset=UTF-8","200","OK","Indexable","","1","0.279","",""
"https://www.poac.net/events/poacs-annual-gala/","text/html; charset=UTF-8","200","OK","Indexable","","1","1.078","",""
"https://www.uhcl.edu/autism-center/vocational-program","text/html; charset=utf-8","200","OK","Indexable","","1","0.053","",""
"https://www.orlandopsychiatrist.net/autism-spectrum-disorder","text/html; charset=UTF-8","200","OK","Indexable","","1","0.207","",""
"https://www.northbridgealaska.com/","text/html;charset=utf-8","200","OK","Indexable","","1","0.064","",""
"https://sherwoodcenter.org/","text/html; charset=UTF-8","200","OK","Indexable","","1","0.059","",""
"https://www.manningchildrens.org/services/behavioral-health/the-autism-center/","text/html; charset=utf-8","200","OK","Indexable","","1","0.237","",""
"https://arcsofla.org/group-homes/","text/html; charset=UTF-8","200","OK","Indexable","","1","0.115","",""
"https://www.childrensnational.org/get-care/departments/center-for-autism-spectrum-disorders","text/html; charset=utf-8","200","OK","Indexable","","1","0.368","",""
"https://www.mayinstitute.org/autism-aba/","text/html; charset=UTF-8","200","OK","Indexable","","1","0.345","",""
"https://www.devereux.org/","text/html; charset=iso-8859-1","301","Moved Permanently","Non-Indexable","Redirected","2","0.052","https://www.devereux.org/site/PageServer","HTTP Redirect"
"https://www.uwyo.edu/wind/echo/autism/index.html","text/html; charset=utf-8","200","OK","Indexable","","1","0.105","",""
"https://cedwvu.org/","text/html; charset=utf-8","200","OK","Indexable","","1","0.215","",""
"https://awnnetwork.org/","text/html; charset=UTF-8","200","OK","Indexable","","1","0.088","",""
"https://www.wordsworth.org/","","0","DNS lookup failed","Non-Indexable","No Response","1","","",""
"https://www.tn.gov/didd","","0","Connection Timeout","Non-Indexable","No Response","1","","",""
"https://www.genesislearn.org/genesis-academy","text/html;charset=utf-8","200","OK","Indexable","","1","0.065","",""
"https://www.poac.net/events/","text/html; charset=UTF-8","200","OK","Indexable","","1","1.100","",""
"https://familyvoices.org/","text/html; charset=UTF-8","200","OK","Indexable","","1","0.186","",""
"https://www.autismhousingnetwork.org/","text/html; charset=UTF-8","200","OK","Indexable","","1","0.163","",""
"https://iidc.indiana.edu/irca/","text/html; charset=UTF-8","200","OK","Indexable","","1","0.115","",""
"https://www.assistiveware.com/products/proloquo2go","text/html; charset=UTF-8","200","OK","Indexable","","1","0.125","",""
"https://www.ouhealth.com/oklahoma-childrens/","text/html; charset=utf-8","200","OK","Indexable","","1","0.176","",""
"https://www.ddsdc.dc.gov/","","0","DNS lookup failed","Non-Indexable","No Response","1","","",""
"https://www.benhaven.org/","text/html; charset=utf-8","200","OK","Indexable","","2","0.197","",""
"https://rockinghorserehab.com/","text/html; charset=UTF-8","200","OK","Indexable","","1","0.105","",""
"https://www.totalcareaba.com/","text/html; charset=utf-8","200","OK","Indexable","","1","0.109","",""
"https://www.inspireofcentralflorida.org/","text/html; charset=UTF-8","200","OK","Indexable","","1","0.114","",""
"https://www.melmark.org/newengland/","text/html; charset=UTF-8","200","OK","Indexable","","1","0.135","",""
"https://rcmofwashington.com/","text/html; charset=UTF-8","200","OK","Indexable","","1","0.158","",""
"https://nhalv.org/","text/html; charset=UTF-8","200","OK","Indexable","","1","0.181","",""
"https://npitx.org/","text/html; charset=utf-8","301","Moved Permanently","Non-Indexable","Redirected","1","0.181","https://npusa.org/","HTTP Redirect"
"https://www.brightstonetransitions.com/","","301","Moved Permanently","Non-Indexable","Redirected","1","0.055","https://brightstonetransitions.com/","HTTP Redirect"
"https://autismcarepartners.com/locations/vermont/st-albans-vt/","text/html; charset=UTF-8","200","OK","Indexable","","1","0.866","",""
"https://www.getanswersnow.com/","text/html","200","OK","Indexable","","1","0.096","",""
"https://centriahealthcare.com/","text/html; charset=UTF-8","200","OK","Indexable","","1","0.190","",""
"https://card.fsu.edu/","","0","DNS lookup failed","Non-Indexable","No Response","2","","",""
"https://www.proudmomentsaba.com/","text/html; charset=UTF-8","200","OK","Indexable","","2","0.170","",""
"https://www.soill.org/","text/html; charset=UTF-8","200","OK","Indexable","","1","0.137","",""
"https://www.rileychildrens.org/","text/html; charset=UTF-8","200","OK","Indexable","","1","0.247","",""
"https://www.leehealth.org/our-services/developmental-pediatrics","text/html; charset=UTF-8","403","Forbidden","Non-Indexable","Client Error","1","0.064","",""
"https://aaroc.org/","text/html; charset=UTF-8","200","OK","Indexable","","1","0.146","",""
"https://www.texasautismsociety.org/","text/html; charset=UTF-8","200","OK","Indexable","","1","0.061","",""
"https://autismia.com/","text/html; charset=UTF-8","200","OK","Indexable","","1","1.137","",""
"https://lsssd.org/","text/html; charset=UTF-8","200","OK","Indexable","","1","1.322","",""
"https://www.tdf.org/autism-friendly-performances/","text/html; charset=UTF-8","404","Not Found","Non-Indexable","Client Error","1","0.666","",""
"https://clinicaltrials.gov/search?cond=Autism+Spectrum+Disorder&aggFilters=status:rec","text/html; charset=iso-8859-1","302","Found","Non-Indexable","Redirected","1","0.139","https://misuse.ncbi.nlm.nih.gov/error/abuse.shtml?cond=Autism+Spectrum+Disorder&aggFilters=status:rec","HTTP Redirect"
"https://chimes.org/","text/html; charset=UTF-8","200","OK","Indexable","","1","0.101","",""
"https://www.projecthopesc.org/adult-services","text/html;charset=utf-8","200","OK","Indexable","","1","0.046","",""
"https://www.heartshare.org/","text/html; charset=utf-8","200","OK","Indexable","","1","0.078","",""
"https://onlinelibrary.wiley.com/journal/19393806","text/html; charset=UTF-8","403","Forbidden","Non-Indexable","Client Error","1","0.047","",""
"https://www.arcnj.org/programs/project-hire.html","text/html; charset=UTF-8","404","File Not Found","Non-Indexable","Client Error","1","0.222","",""
"https://www.gcschoolforautism.org/","text/html; charset=UTF-8","200","OK","Indexable","","1","0.077","",""
"https://www.biermanautism.com/location/new-jersey/","text/html; charset=UTF-8","200","OK","Indexable","","1","0.061","",""
"https://www.alliedautismgroup.com/","text/html; charset=UTF-8","200","OK","Indexable","","1","0.094","",""
"https://hhs.iowa.gov/health-prevention/child-adolescent-health/autism-support","text/html; charset=utf-8","301","Moved Permanently","Non-Indexable","Redirected","1","0.320","https://hhs.iowa.gov/health-prevention/disability-services/autism-support-program","HTTP Redirect"
"https://www.abetterwayaba.com/","text/html; charset=UTF-8","301","Moved Permanently","Non-Indexable","Redirected","1","0.274","https://abetterwayaba.com/","HTTP Redirect"
"https://adsd.nv.gov/programs/autism/atap/atap/","text/html; charset=utf-8","200","OK","Indexable","","1","0.602","",""
"https://rcaas.rutgers.edu/","text/html; charset=utf-8","200","OK","Indexable","","1","0.115","",""
"https://www.damarcharteracademy.org/","text/html; charset=UTF-8","200","OK","Indexable","","1","0.075","",""
"https://www.uams.edu/","text/html","200","OK","Indexable","","1","0.049","",""
"https://www.columbiapsychiatry.org/","text/html; charset=utf-8","200","OK","Indexable","","1","0.049","",""
"https://www.usd.edu/","text/html; charset=utf-8","200","OK","Indexable","","1","0.608","",""
"https://www.behaviorfrontiers.com/","text/html;charset=utf-8","200","OK","Indexable","","1","0.055","",""
"https://www.amnh.org/","text/html; charset=UTF-8","403","Forbidden","Non-Indexable","Client Error","1","0.072","",""
"https://www.autismgreaterwi.org/","text/html; charset=UTF-8","200","OK","Indexable","","1","0.297","",""
"https://www.projecthopesc.org/","text/html;charset=utf-8","200","OK","Indexable","","1","0.069","",""
"https://www.specialheartsfarm.com/","text/html; charset=utf-8","200","OK","Indexable","","1","0.259","",""
"https://www.upmc.com/services/behavioral-health/programs/autism","text/html; charset=utf-8","200","OK","Indexable","","1","0.315","",""
"https://cayerbehavioral.com/","text/html; charset=utf-8","200","OK","Indexable","","1","0.290","",""
"https://www.kelberman.org/","text/html; charset=utf-8","200","OK","Indexable","","1","0.682","",""
"https://www.chla.org/behavioral-health-institute/boone-fetter-clinic-autism-treatment","text/html; charset=UTF-8","200","OK","Indexable","","1","1.207","",""
"https://www.easterseals.com/southwestflorida/","text/html; charset=UTF-8","404","Not Found","Non-Indexable","Client Error","1","0.985","",""
"https://www.marklund.org/residential-services/","text/html; charset=UTF-8","200","OK","Indexable","","1","0.263","",""
"https://centerforautismnj.org/","text/html; charset=UTF-8","200","OK","Indexable","","1","0.094","",""
"https://www.ascendautism.com/","text/html","301","Moved Permanently","Non-Indexable","Redirected","1","0.308","https://ascendautism.com/","HTTP Redirect"
"https://snacknyc.org/","text/html; charset=utf-8","301","Moved Permanently","Non-Indexable","Redirected","1","0.210","http://www.snacknyc.com/","HTTP Redirect"
"https://childrens.wvumedicine.org/services/specialty-care/neurodevelopmental-center","text/html","302","Moved Temporarily","Non-Indexable","Redirected","1","0.352","https://wvumedicine.org/our-care/institutes/childrens/","HTTP Redirect"
"https://behavioral-innovations.com/","text/html; charset=UTF-8","200","OK","Indexable","","2","0.092","",""
"https://aparaautism.com/","text/html; charset=UTF-8","200","OK","Indexable","","1","1.046","",""
"https://learnbehavioral.com/","text/html; charset=UTF-8","200","OK","Indexable","","1","0.123","",""
"https://www.mainehealth.org/","text/html; charset=UTF-8","200","OK","Indexable","","1","0.062","",""
"https://mycanopy.org/solutions/cares-schools/","text/html; charset=UTF-8","200","OK","Indexable","","1","0.065","",""
"https://sensoryhealth.org/","text/html; charset=UTF-8","200","OK","Indexable","","1","0.106","",""
"https://us.specialisterne.com/","text/html; charset=UTF-8","200","OK","Indexable","","1","0.514","",""
"https://www.aspirewny.org/","text/html; charset=UTF-8","200","OK","Indexable","","1","0.099","",""
"https://childmind.org/care/areas-of-expertise/autism-clinical-center/","text/html; charset=UTF-8","200","OK","Indexable","","1","0.081","",""
"https://www.cottonwooddayschool.org/","text/html; charset=UTF-8","200","OK","Indexable","","1","0.355","",""
"https://www.atcoftexas.org/","text/html; charset=UTF-8","200","OK","Indexable","","1","0.175","",""
"https://autismsociety.org/","text/html; charset=UTF-8","200","OK","Indexable","","1","0.065","",""
"https://pathfindersforautism.org/","text/html; charset=UTF-8","200","OK","Indexable","","1","0.576","",""
"https://www.aaronschool.org/","text/html; charset=UTF-8","200","OK","Indexable","","1","0.065","",""
"https://www.carautismroadmap.org/","text/html","301","Moved Permanently","Non-Indexable","Redirected","1","0.240","https://guide-vitamines.org/carautismroadmap/","HTTP Redirect"
"https://autismallianceofmichigan.org/service/employment-supports/","text/html; charset=UTF-8","200","OK","Indexable","","1","0.988","",""
"https://www.thespurwinkschool.org/","text/html; charset=UTF-8","200","OK","Indexable","","1","0.066","",""
"https://autismfirstus.com/","text/html; charset=UTF-8","200","OK","Indexable","","1","0.319","",""
"https://www.sui.org/","text/html; charset=UTF-8","200","OK","Indexable","","1","3.019","",""
"https://www.bigskyautismproject.org/","text/html; charset=UTF-8","200","OK","Indexable","","1","1.127","",""
"https://koalaaba.com/","text/html; charset=UTF-8","200","OK","Indexable","","1","0.063","",""
"https://www.angelsense.com/","text/html; charset=UTF-8","200","OK","Indexable","","1","0.528","",""
"https://www.childrenscolorado.org/doctors-and-departments/departments/psych/programs/autism-intellectual-disabilities/","text/html; charset=utf-8","200","OK","Indexable","","1","0.220","",""
"https://medschool.cuanschutz.edu/jfk-partners","text/html; charset=utf-8","200","OK","Indexable","","1","0.113","",""
"https://www.amazon.com/Reason-Jump-Inner-Thirteen-Year-Old-Autism/dp/081298515X","text/html","200","OK","Indexable","","1","0.185","",""
"https://www.autismspeaks.org/walk","text/html","200","OK","Indexable","","1","0.041","",""
"https://www.abskids.com/locations/san-diego/","text/html; charset=UTF-8","200","OK","Indexable","","1","0.089","",""
"https://www.autismprojectofpalmbeachcounty.org/","text/html; charset=UTF-8","200","OK","Indexable","","1","0.082","",""
"https://firstplaceaz.org/","text/html; charset=UTF-8","200","OK","Indexable","","1","0.172","",""
"https://www.asagoldenheart.org/","text/html","301","Moved Permanently","Non-Indexable","Redirected","1","0.276","https://178.128.60.214/","HTTP Redirect"
"https://archesaba.com/","text/html; charset=UTF-8","200","OK","Indexable","","1","0.128","",""
"https://www.claritycarenj.com/","text/html","200","OK","Indexable","","1","0.041","",""
"https://sesameplace.com/philadelphia/help/autism-resources/","text/html; charset=utf-8","302","Found","Non-Indexable","Redirected","1","0.536","https://sesameplace.com/philadelphia/help/accessibility-guide","HTTP Redirect"
"https://www.madisonaba.com/","","0","Blocked by robots.txt","Non-Indexable","Blocked by robots.txt","1","","",""
"https://intermountainhealthcare.org/locations/primary-childrens-salt-lake-city/autism-developmental-disabilities","text/html; charset=utf-8","200","OK","Indexable","","1","0.608","",""
"https://www.oasistlc.org/","text/html; charset=UTF-8","200","OK","Indexable","","1","0.091","",""
"https://www.fcneurology.net/","text/html; charset=UTF-8","200","OK","Indexable","","1","0.117","",""
"https://www.damar.org/","text/html; charset=UTF-8","200","OK","Indexable","","1","0.048","",""
"https://wrongplanet.net/","text/html; charset=UTF-8","403","Forbidden","Non-Indexable","Client Error","1","0.164","",""
"https://fcacademy.org/","text/html; charset=UTF-8","200","OK","Indexable","","1","0.527","",""
"https://www.mybrcc.edu/pse/","text/html; charset=UTF-8","200","OK","Indexable","","1","0.314","",""
"https://www.kennedykrieger.org/","text/html; charset=UTF-8","200","OK","Indexable","","1","0.085","",""
"https://orangepsychassociates.com/","text/html; charset=UTF-8","200","OK","Indexable","","1","0.124","",""
"https://neuroci.com/","text/html; charset=UTF-8","200","OK","Indexable","","1","0.803","",""
"https://risingtidecarwash.com/","text/html","301","Moved Permanently","Non-Indexable","Redirected","1","0.320","https://www.risingtidecarwash.com/","HTTP Redirect"
"https://www.texaschildrens.org/departments/autism-program","text/html; charset=UTF-8","200","OK","Indexable","","1","1.662","",""
"https://jsakids.com/","","0","Connection Timeout","Non-Indexable","No Response","1","","",""
"https://www.speechandhearingassoc.com/","text/html; charset=UTF-8","301","Moved Permanently","Non-Indexable","Redirected","1","0.179","https://speechandhearingassoc.com/","HTTP Redirect"
"https://bridgewayintegratedhealthcareservices.com/","text/html; charset=utf-8","200","OK","Indexable","","1","0.117","",""
"https://asppire.org/","text/html; charset=UTF-8","200","OK","Indexable","","1","1.338","",""
"https://farfund.org/","text/html; charset=UTF-8","200","OK","Indexable","","1","0.268","",""
"https://www.hopebridge.com/centers/autism-therapy-oh/","text/html; charset=UTF-8","200","OK","Indexable","","2","0.595","",""
"https://www.waisman.wisc.edu/","text/html; charset=UTF-8","200","OK","Indexable","","1","1.147","",""
"https://autismsocietyoregon.org/","text/html; charset=UTF-8","200","OK","Indexable","","1","0.248","",""
"https://researchautism.org/","text/html; charset=UTF-8","200","OK","Indexable","","1","0.139","",""
"https://www.ponypowernj.org/","text/html;charset=utf-8","200","OK","Indexable","","1","0.059","",""
"https://www.generationrescue.org/","text/html","301","Moved Permanently","Non-Indexable","Redirected","1","0.264","https://www.pineapplepostgifts.com/","HTTP Redirect"
"https://questinc.org/quest-kids-therapy/","text/html; charset=UTF-8","200","OK","Indexable","","1","2.418","",""
"https://www.micc.org/","text/html; charset=UTF-8","200","OK","Indexable","","1","0.133","",""
"https://montefioreeinstein.org/patient-care/services/neurology/programs/autism-communication-disorders-center","text/html; charset=UTF-8","200","OK","Indexable","","2","0.359","",""
"https://www.thescda.org/","text/html;charset=utf-8","200","OK","Indexable","","1","0.063","",""
"https://www.caregiveraction.org/","text/html; charset=UTF-8","200","OK","Indexable","","1","0.081","",""
"https://sweetwaterspectrum.org/","text/html; charset=UTF-8","200","OK","Indexable","","1","1.471","",""
"https://manhattanchildrenscenter.org/","text/html; charset=UTF-8","200","OK","Indexable","","1","0.451","",""
"https://www.cdc.gov/autism/index.html","text/html","200","OK","Indexable","","1","0.134","",""
"https://www.easterseals.com/new-jersey/","text/html; charset=UTF-8","404","Not Found","Non-Indexable","Client Error","1","0.767","",""
"https://www.nhautism.org/residential-services","text/html; charset=UTF-8","200","OK","Indexable","","1","1.285","",""
"https://autisminspired.org/","text/html; charset=UTF-8","200","OK","Indexable","","1","0.147","",""
"https://www.firststeparkansas.com/","text/html; charset=UTF-8","200","OK","Indexable","","1","0.296","",""
"https://www.med.unc.edu/cidd/","text/html; charset=UTF-8","200","OK","Indexable","","1","0.143","",""
"https://sensorytherapeuticsnj.com/","text/html;charset=utf-8","200","OK","Indexable","","1","0.050","",""
"https://www.mayoclinic.org/diseases-conditions/autism-spectrum-disorder/care-at-mayo-clinic/mac-20581890","text/html; charset=utf-8","200","OK","Indexable","","1","1.863","",""
"https://www.lastatechapter.com/","text/html; charset=UTF-8","200","OK","Indexable","","1","0.082","",""
"https://www.yai.org/services/social-skills-groups-adolescents-and-young-adults-autism-spectrum-manhattan","text/html; charset=UTF-8","200","OK","Indexable","","1","0.108","",""
"https://www.kidstlc.org/","text/html; charset=UTF-8","200","OK","Indexable","","1","1.755","",""
"https://umaine.edu/maier/","text/html; charset=UTF-8","302","Found","Non-Indexable","Redirected","1","0.911","https://umaine.edu/edhd/","HTTP Redirect"
"https://www.stlouischildrens.org/conditions-treatments/autism-spectrum-disorder","text/html; charset=UTF-8","200","OK","Indexable","","1","0.122","",""
"https://www.grafton.org/","text/html; charset=UTF-8","200","OK","Indexable","","1","0.043","",""
"https://www.themadroneschool.org/","text/html; charset=UTF-8","200","OK","Indexable","","1","0.088","",""
"https://www.bradleyhospital.org/","text/html; charset=UTF-8","200","OK","Indexable","","1","3.493","",""
"https://danmarinofoundation.org/","text/html; charset=UTF-8","200","OK","Indexable","","1","0.742","",""
"https://autismtravel.com/travel-directory/","text/html; charset=UTF-8","200","OK","Indexable","","1","0.070","",""
"https://laurelheightshospital.com/","text/html; charset=UTF-8","200","OK","Indexable","","1","0.225","",""
"https://www.thejerichoschool.org/","text/html; charset=UTF-8","404","Not Found","Non-Indexable","Client Error","1","1.136","",""
"https://www.nextstepky.org/","text/html;charset=utf-8","200","OK","Indexable","","1","0.056","",""
"https://www.emeraldcoastautismcenter.com/","","0","DNS lookup failed","Non-Indexable","No Response","1","","",""
"https://autism.ucsf.edu/","text/html; charset=UTF-8","200","OK","Indexable","","1","0.203","",""
"https://www.childrenshospital.org/services/autism-spectrum-center","text/html; charset=UTF-8","200","OK","Indexable","","1","0.626","",""
"https://www.yai.org/affiliate/manhattan-star-academy","text/html; charset=UTF-8","200","OK","Indexable","","1","0.120","",""
"https://www.hawaiipacifichealth.org/kapiolani/services/pediatrics/","text/html; charset=utf-8","200","OK","Indexable","","1","2.699","",""
"https://www.hackensackmeridianhealth.org/en/services/childrens-health/specialties-and-services/autism-adhd-developmental-medicine","text/html; charset=utf-8","200","OK","Indexable","","2","0.794","",""
"https://nyulangone.org/locations/child-study-center/autism-spectrum-disorder-service","text/html; charset=UTF-8","200","OK","Indexable","","1","0.077","",""
"https://autism.ku.edu/","text/html; charset=UTF-8","200","OK","Indexable","","1","0.073","",""
"https://monarchcenterforautism.org/","text/html; charset=utf-8","200","OK","Indexable","","1","0.456","",""
"https://nortonchildrens.com/services/autism-spectrum-disorder/","text/html; charset=UTF-8","200","OK","Indexable","","1","0.136","",""
"https://myautismconnection.net/","text/html; charset=UTF-8","200","OK","Indexable","","1","0.222","",""
"https://turningpointeautismfoundation.org/","text/html; charset=UTF-8","200","OK","Indexable","","1","0.103","",""
"https://www.specialolympics.org/","text/html;charset=UTF-8","200","OK","Indexable","","1","0.379","",""
"https://wpic.org/","text/html;charset=utf-8","200","OK","Indexable","","1","0.078","",""
"https://autismnj.org/","text/html; charset=UTF-8","200","OK","Indexable","","1","0.052","",""
"https://www.fortahealth.com/","text/html; charset=utf-8","200","OK","Indexable","","2","0.104","",""
"https://www.autismfamilynetwork.org/","text/html; charset=UTF-8","200","OK","Indexable","","1","0.081","",""
"https://www.autismspeaks.org/","text/html","200","OK","Indexable","","1","0.129","",""
"https://www.archcare.org/housing-program/","text/html; charset=UTF-8","200","OK","Indexable","","1","0.128","",""
"https://www.dental.upenn.edu/","text/html; charset=UTF-8","200","OK","Indexable","","1","0.069","",""
"https://www.autismfoundationok.org/","text/html;charset=utf-8","200","OK","Indexable","","1","0.055","",""
"https://nextforautism.org/","text/html; charset=UTF-8","200","OK","Indexable","","1","0.243","",""
"https://uihc.org/childrens/locations/center-disabilities-and-development/autism-center","text/html; charset=UTF-8","200","OK","Indexable","","1","0.575","",""
"https://www.bluesprigautism.com/","text/html; charset=UTF-8","200","OK","Indexable","","1","0.403","",""
"https://opalautism.com/contact/idaho-falls-idaho/","text/html; charset=UTF-8","200","OK","Indexable","","1","1.192","",""
"https://hdsunflower.com/","text/html; charset=UTF-8","200","OK","Indexable","","1","0.434","",""
"https://www.purevisioarts.org/","","0","DNS lookup failed","Non-Indexable","No Response","1","","",""
"https://www.ahrcnyc.org/services/home/residential-services/","text/html; charset=UTF-8","200","OK","Indexable","","1","0.069","",""
"https://www.believeautism.com/","text/html","200","OK","Indexable","","1","0.311","",""
"https://hibh.org/","text/html;charset=utf-8","200","OK","Indexable","","1","0.074","",""
"https://www.villageglen.org/","text/html; charset=UTF-8","200","OK","Indexable","","1","0.071","",""
"https://www.melmark.org/","text/html; charset=UTF-8","200","OK","Indexable","","1","0.110","",""
"https://arcofnatronacounty.org/resources/","text/html; charset=UTF-8","200","OK","Indexable","","1","0.047","",""
"https://sdparent.org/","text/html; charset=UTF-8","200","OK","Indexable","","2","0.176","",""
"https://parishschool.org/","text/html; charset=UTF-8","200","OK","Indexable","","1","0.100","",""
"https://autismcommunities.org/","text/html;charset=utf-8","200","OK","Indexable","","1","0.084","",""
"https://goadelante.org/","text/html; charset=UTF-8","200","OK","Indexable","","1","0.160","",""
"https://www.abacenters.com/","text/html; charset=UTF-8","200","OK","Indexable","","1","0.136","",""
"https://www.dhhs.nh.gov/programs-services/disability-care/developmental-disabilities-services","text/html; charset=UTF-8","200","OK","Indexable","","1","1.040","",""
"https://barryprizant.com/uniquely-human/","text/html; charset=UTF-8","200","OK","Indexable","","1","0.293","",""
"https://centerontransition.org/","text/html;charset=UTF-8","200","OK","Indexable","","1","0.576","",""
"https://www.elsforautism.org/programs-services/recreation-services/afternoon-recreation-programs/","text/html; charset=UTF-8","200","OK","Indexable","","1","0.310","",""
"https://autismcenterofnebraska.org/","text/html; charset=UTF-8","200","OK","Indexable","","2","0.148","",""
"https://childrens.dartmouth-health.org/psychiatry/bands","text/html; charset=UTF-8","200","OK","Indexable","","1","0.200","",""
"https://teacch.com/regional-centers/","text/html; charset=UTF-8","200","OK","Indexable","","1","0.052","",""
"https://www.mountsinai.org/care/pediatrics/services/developmental-pediatrics","text/html;charset=UTF-8","200","OK","Indexable","","1","0.145","",""
"https://www.koreacademy.org/","text/html; charset=UTF-8","200","OK","Indexable","","1","0.064","",""
"https://www.gulfcoastautismclinic.com/","text/html; charset=UTF-8","200","OK","Indexable","","1","0.088","",""
"https://healthcare.utah.edu/hmhi/treatments/autism-clinic","text/html; charset=UTF-8","200","OK","Indexable","","1","0.284","",""
"https://www.mountsinai.org/locations/union-square/services/music-therapy","text/html;charset=UTF-8","200","OK","Indexable","","1","0.087","",""
"https://www.archildrens.org/programs-and-services/neuroscience-center/neurodevelopmental-neurobehavioral-clinic","text/html; charset=utf-8","302","Found","Non-Indexable","Redirected","1","0.092","https://www.archildrens.org/programs-and-services/neuroscience-center","HTTP Redirect"
"https://upstatecp.org/","text/html; charset=UTF-8","301","Moved Permanently","Non-Indexable","Redirected","1","0.289","https://www.upstatecp.org/","HTTP Redirect"
"https://www.brighterstridesaba.com/","text/html; charset=UTF-8","403","Forbidden","Non-Indexable","Client Error","1","0.045","",""
"https://www.maine.gov/dhhs/oads/","text/html; charset=UTF-8","200","OK","Indexable","","1","0.139","",""
"https://arcofkingcounty.org/","text/html;charset=utf-8","200","OK","Indexable","","1","0.060","",""
"https://mygiantsteps.org/","text/html; charset=UTF-8","200","OK","Indexable","","1","1.001","",""
"https://www.bittersweetfarms.org/","text/html;charset=utf-8","200","OK","Indexable","","1","0.052","",""
"https://www.rush.edu/services/autism-care","text/html; charset=UTF-8","200","OK","Indexable","","1","0.120","",""
"https://www.stonybrookmedicine.edu/node/1986","text/html; charset=UTF-8","200","OK","Indexable","","1","0.958","",""
"https://illinoiscenterforautism.org/","text/html; charset=UTF-8","200","OK","Indexable","","1","0.341","",""
"https://thescottcenter.org/","text/html","301","Moved Permanently","Non-Indexable","Redirected","1","0.157","https://www.thescottcenter.org/","HTTP Redirect"
"https://www.devereux.org/site/SPageServer?pagename=fl_autism_idd","text/html;charset=ISO-8859-1","200","200","Indexable","","1","0.075","",""
"https://www.uvmhealth.org/childrens-hospital/pediatric-specialties/developmental-pediatrics","text/html; charset=UTF-8","404","Not Found","Non-Indexable","Client Error","1","0.514","",""
"https://www.aces.org/","text/html","403","Forbidden","Non-Indexable","Client Error","1","0.210","",""
"https://www.crisistextline.org/","text/html; charset=UTF-8","200","OK","Indexable","","1","0.079","",""
"https://www.emergeschool.org/","text/html;charset=utf-8","200","OK","Indexable","","1","0.058","",""
"https://www.thearcfamilyinstitute.org/what_we_do/support-groups.html","text/html; charset=UTF-8","200","OK","Indexable","","1","1.791","",""
"https://reedacademy.org/","text/html; charset=UTF-8","200","OK","Indexable","","1","0.083","",""
"https://ability2work.org/","","0","Connection Timeout","Non-Indexable","No Response","1","","",""
"https://autisticadvocacy.org/","text/html; charset=UTF-8","200","OK","Indexable","","1","0.057","",""
"https://bakerstreetpsych.com/","text/html; charset=UTF-8","200","OK","Indexable","","1","0.975","",""
"https://campakeela.com/","text/html; charset=UTF-8","200","OK","Indexable","","1","0.101","",""
"https://stepinautism.com/","text/html; charset=UTF-8","200","OK","Indexable","","1","0.170","",""
"https://www.autismafter21.org/","text/html;charset=utf-8","200","OK","Indexable","","1","0.068","",""
"https://lighthouseautismcenter.com/","text/html; charset=UTF-8","200","OK","Indexable","","2","0.046","",""
"https://card-usf.fmhi.usf.edu/","text/html","200","OK","Indexable","","1","0.209","",""
"https://www.primarychildrens.org/","","0","Connection Timeout","Non-Indexable","No Response","1","","",""
"https://www.surfersway.org/","","0","Connection Refused","Non-Indexable","No Response","1","","",""
"https://www.pathwaysacademynm.org/","text/html; charset=UTF-8","403","Forbidden","Non-Indexable","Client Error","1","0.125","",""
"https://www.faceprogram.org/","text/html;charset=utf-8","200","OK","Indexable","","1","0.103","",""
"https://www.methodworks-ak.com/","text/html;charset=utf-8","200","OK","Indexable","","1","0.067","",""
"https://unmhealth.org/services/development-disabilities/programs/autism-programs/","text/html; charset=utf-8","200","OK","Indexable","","1","0.068","",""
"https://www.thompsoncenter.umsl.edu/","","0","DNS lookup failed","Non-Indexable","No Response","1","","",""
"https://www.bancroft.org/adult-services/residential-programs/","text/html; charset=UTF-8","200","OK","Indexable","","1","0.133","",""
"https://cultivatebhe.com/","text/html; charset=UTF-8","200","OK","Indexable","","1","0.221","",""
"https://www.brainbuildersnj.org/","text/html; charset=UTF-8","200","OK","Indexable","","1","0.056","",""
"https://behaviortherapyassociates.com/","text/html; charset=UTF-8","200","OK","Indexable","","1","1.660","",""
"https://988lifeline.org/","text/html; charset=UTF-8","200","OK","Indexable","","1","0.055","",""
"https://yaleschoolcherryhill.com/","","0","DNS lookup failed","Non-Indexable","No Response","1","","",""
"https://ausm.org/","text/html; charset=UTF-8","200","OK","Indexable","","1","1.088","",""
"https://medicine.yale.edu/childstudy/","text/html; charset=utf-8","200","OK","Indexable","","1","0.283","",""
"https://gallopnyc.org/","text/html;charset=utf-8","200","OK","Indexable","","1","0.063","",""
"https://www.clearbrook.org/","text/html; charset=UTF-8","200","OK","Indexable","","1","0.343","",""
"https://sdm.rutgers.edu/","text/html; charset=UTF-8","200","OK","Indexable","","1","0.045","",""
"https://www.templegrandin.com/books.html","text/html","200","OK","Indexable","","1","0.204","",""
"https://education.virginia.edu/research-initiatives/sheila-c-johnson-center-clinical-services/autism-spectrum-services","text/html; charset=UTF-8","403","Forbidden","Non-Indexable","Client Error","1","0.047","",""
"https://autismtherapies.com/","text/html; charset=UTF-8","200","OK","Indexable","","1","0.094","",""
"https://www.limitlessasd.com/","text/html; charset=UTF-8","200","OK","Indexable","","1","0.101","",""
"https://www.autisticadultsnyc.org/","text/html;charset=utf-8","200","OK","Indexable","","1","0.058","",""
"https://spectrumdesigns.org/","","301","Moved Permanently","Non-Indexable","Redirected","1","0.060","https://www.spectrumdesigns.org/","HTTP Redirect"
"https://www.shield.org/adults/","text/html; charset=UTF-8","200","OK","Indexable","","1","1.789","",""
"https://www.thesummitcenter.org/","text/html; charset=UTF-8","200","OK","Indexable","","1","0.211","",""
"https://my.clevelandclinic.org/pediatrics/departments/autism","text/html; charset=utf-8","200","OK","Indexable","","1","0.241","",""
"https://www.hdc.lsuhsc.edu/lasard/","text/html; charset=utf-8","200","OK","Indexable","","1","0.245","",""
"https://developmentalpsychiatry.com/","text/html","200","OK","Indexable","","1","0.151","",""
"https://littlecity.org/programs-services/residential-services/","text/html; charset=UTF-8","200","OK","Indexable","","1","0.105","",""
"https://casafamiliainc.org/","text/html; charset=UTF-8","200","OK","Indexable","","1","0.221","",""
"https://theautismproject.org/","text/html; charset=UTF-8","200","OK","Indexable","","1","0.888","",""
"https://nycautismcommunity.org/","text/html; charset=UTF-8","200","OK","Indexable","","1","1.274","",""
"https://www.childrensal.org/MedicalAutismClinic","text/html; charset=UTF-8","404","Not Found","Non-Indexable","Client Error","1","1.069","",""
"https://med.stanford.edu/autismcenter.html","text/html;charset=utf-8","200","OK","Indexable","","1","0.247","",""
"https://www.avondalehouse.org/services-adult-day-program","text/html; charset=UTF-8","200","OK","Indexable","","1","0.061","",""
"https://emmaushomes.org/","text/html; charset=UTF-8","200","OK","Indexable","","1","0.153","",""
"https://www.marbridge.org/","text/html; charset=UTF-8","200","OK","Indexable","","1","0.131","",""
"https://graceofny.org/","text/html; charset=UTF-8","200","OK","Indexable","","1","0.079","",""
"https://autismriskmanagement.com/","text/html; charset=UTF-8","200","OK","Indexable","","1","0.152","",""
"https://www.transitionsusa.org/","text/html; charset=UTF-8","301","Moved Permanently","Non-Indexable","Redirected","1","1.149","https://transitionsusa.org/","HTTP Redirect"
"https://www.richardsonschool.com/","text/html; charset=utf-8","200","OK","Indexable","","1","0.171","",""
"https://www.elsforautism.org/programs-services/adult-services/","text/html; charset=UTF-8","200","OK","Indexable","","1","0.265","",""
"https://pkservice.org/","text/html; charset=UTF-8","200","OK","Indexable","","3","0.201","",""
"https://www.wrightslaw.com/","text/html; charset=ISO-8859-1","200","OK","Indexable","","1","0.057","",""
"https://joydew.com/","text/html","200","OK","Indexable","","1","0.114","",""
"https://artistswithautism.org/","text/html; charset=utf-8","301","Moved Permanently","Non-Indexable","Redirected","1","0.174","https://artistswithautism.com/","HTTP Redirect"
"https://www.autismlearningpartners.com/","text/html; charset=UTF-8","301","Moved Permanently","Non-Indexable","Redirected","1","0.570","https://autismlearningpartners.com/","HTTP Redirect"
"https://www.ivymountschool.org/","text/html; charset=UTF-8","200","OK","Indexable","","1","0.202","",""
"https://ask-lou.org/","text/html; charset=UTF-8","200","OK","Indexable","","1","0.137","",""
"https://www.gentlecaretherapy.com/","text/html","301","Moved Permanently","Non-Indexable","Redirected","1","0.137","https://gentlecaretherapy.com/","HTTP Redirect"
"https://legendequestrian.us/programs/","","404","Not Found","Non-Indexable","Client Error","1","0.166","",""
"https://agbehavioralservices.com/","text/html; charset=UTF-8","200","OK","Indexable","","1","0.129","",""
"https://autism-alabama.org/","text/html; charset=UTF-8","200","OK","Indexable","","1","0.307","",""
"https://www.deronschool.org/","text/html; charset=UTF-8","200","OK","Indexable","","1","0.104","",""
"https://www.stridesaba.com/","text/html; charset=utf-8","200","OK","Indexable","","1","0.107","",""
"https://unpkg.com/leaflet@1.9.4/dist/leaflet.css","text/css","200","OK","Indexable","","0","0.061","",""
"https://www.pressleyridge.org/services/private-academic-schools/pressley-ridge-school-for-autism/","text/html; charset=UTF-8","200","OK","Indexable","","1","4.112","",""
"https://continuumbehavioralhealth.com/","text/html","200","OK","Indexable","","1","0.055","",""
"https://gooca.org/","text/html; charset=UTF-8","200","OK","Indexable","","1","0.082","",""
"https://sparkforautism.org/","text/html; charset=utf-8","200","OK","Indexable","","1","1.047","",""
"https://www.labschool.org/","text/html; charset=UTF-8","200","OK","Indexable","","1","0.124","",""
"https://www.varietyschool.org/","text/html;charset=utf-8","200","OK","Indexable","","1","0.058","",""
"https://illinoiscenterforautism.org/school-program/","text/html; charset=UTF-8","200","OK","Indexable","","1","0.296","",""
"https://www.easterseals.com/new-jersey/our-programs/employment-training/","text/html; charset=UTF-8","404","Not Found","Non-Indexable","Client Error","1","0.457","",""
"https://www.asmajsadiq.com/","text/html; charset=UTF-8","200","OK","Indexable","","1","0.315","",""
"https://ddsd.vermont.gov/","text/html","403","Forbidden","Non-Indexable","Client Error","1","0.273","",""
"https://www.marcus.org/","text/html; charset=utf-8","200","OK","Indexable","","3","0.080","",""
"https://breakinggroundscafe.com/","text/html; charset=UTF-8","200","OK","Indexable","","1","0.054","",""
"https://www.nebraskatransitioncollege.org/","text/html; charset=UTF-8","200","OK","Indexable","","1","0.169","",""
"https://arcbroward.com/adult-services/","text/html; charset=UTF-8","200","OK","Indexable","","1","0.213","",""
"https://www.fredfinch.org/residential-treatment","text/html; charset=UTF-8","200","OK","Indexable","","1","0.119","",""
"https://www.lampposttherapy.com/","text/html","301","Moved Permanently","Non-Indexable","Redirected","1","0.179","https://lampposttherapy.com/","HTTP Redirect"
"https://www.riseschool.org/","text/html; charset=UTF-8","200","OK","Indexable","","1","0.208","",""
"https://www.nationwidechildrens.org/specialties/center-for-autism-spectrum-disorders","text/html; charset=utf-8","200","OK","Indexable","","1","0.211","",""
"https://www.mountainstateaba.com/","text/html;charset=utf-8","200","OK","Indexable","","1","0.061","",""
"https://www.ohsu.edu/","text/html; charset=UTF-8","200","OK","Indexable","","1","0.327","",""
"https://birchtreecenter.org/","text/html; charset=UTF-8","200","OK","Indexable","","1","0.123","",""
"https://www.hca.nm.gov/autism/","text/html; charset=UTF-8","200","OK","Indexable","","1","1.741","",""
"https://www.autismontheseas.com/","text/html; charset=utf-8","200","OK","Indexable","","1","0.677","",""
"https://www.corticacare.com/","text/html; charset=UTF-8","200","OK","Indexable","","1","0.122","",""
"https://autismcenter.org/","text/html; charset=UTF-8","200","OK","Indexable","","1","0.298","",""
"https://www.joshuaschool.org/","text/html; charset=UTF-8","200","OK","Indexable","","1","0.152","",""
"https://fireflyautism.org/","text/html; charset=UTF-8","200","OK","Indexable","","2","2.698","",""
"https://plannj.org/","text/html; charset=UTF-8","200","OK","Indexable","","1","0.125","",""
"https://www.autismservicesnj.org/friendship-clubs","text/html; charset=UTF-8","200","OK","Indexable","","1","1.196","",""
"https://www.monarchschool.org/","text/html;charset=utf-8","200","OK","Indexable","","1","0.056","",""
"https://projectlifesaver.org/","text/html; charset=UTF-8","200","OK","Indexable","","1","0.213","",""
"https://www.hopkinsmedicine.org/all-childrens-hospital/services/pediatric-developmental-medicine","text/html; charset=UTF-8","403","Forbidden","Non-Indexable","Client Error","1","0.122","",""
"https://njace.us/","text/html; charset=UTF-8","200","OK","Indexable","","1","0.178","",""
"https://www.autismservicescenter.org/","text/html; charset=UTF-8","200","OK","Indexable","","2","0.253","",""
"https://www.wyckoffwellnesscenter.com/","text/html; charset=UTF-8","200","OK","Indexable","","1","0.800","",""
"https://spectrum360.org/independence360/","text/html; charset=UTF-8","200","OK","Indexable","","1","0.058","",""
"https://autismcenterok.org/","text/html; charset=UTF-8","200","OK","Indexable","","2","0.450","",""
"https://www.golisanoautismcenter.org/","text/html; charset=UTF-8","301","Moved Permanently","Non-Indexable","Redirected","1","0.881","https://golisanoautismcenter.org/","HTTP Redirect"
"https://www.uofmhealth.org/conditions-treatments/autism-spectrum-disorders","text/html; charset=UTF-8","403","Forbidden","Non-Indexable","Client Error","1","0.063","",""
"https://card.ufl.edu/","text/html; charset=UTF-8","200","OK","Indexable","","2","0.086","",""
"https://www.stcolettawi.org/","text/html; charset=UTF-8","200","OK","Indexable","","1","0.141","",""
"https://www.thephoenixcenternj.org/","text/html; charset=UTF-8","200","OK","Indexable","","1","0.098","",""
"https://www.qsac.com/","text/html; charset=UTF-8","200","OK","Indexable","","2","0.206","",""
"https://ddsn.sc.gov/ddsn-divisions/autism","text/html; charset=UTF-8","200","OK","Indexable","","1","0.167","",""
"https://www.summitaba.com/","text/html; charset=UTF-8","200","OK","Indexable","","1","1.533","",""
"https://www.nhautism.com/","","0","Connection Refused","Non-Indexable","No Response","2","","",""
"https://www.smrc.ms.gov/","text/html; charset=UTF-8","200","OK","Indexable","","1","0.081","",""
"https://www.semel.ucla.edu/peers","text/html; charset=UTF-8","301","Moved Permanently","Non-Indexable","Redirected","1","0.055","https://www.semel.ucla.edu/initiatives/ucla-peers-clinic/","HTTP Redirect"
"https://www.devereux.org/site/SPageServer/?pagename=az_about","text/html;charset=ISO-8859-1","200","200","Indexable","","1","0.067","",""
"https://cipworldwide.org/","text/html; charset=UTF-8","200","OK","Indexable","","1","0.643","",""
"https://impacttlh.org/academy/","text/html; charset=UTF-8","200","OK","Indexable","","1","0.177","",""
"https://campencourage.org/","text/html; charset=UTF-8","200","OK","Indexable","","1","0.695","",""
"https://ucf-card.org/","text/html; charset=UTF-8","200","OK","Indexable","","2","0.561","",""
"https://www.developmentalpediatricsnj.com/","text/html; charset=UTF-8","200","OK","Indexable","","1","0.339","",""
"https://www.attainaba.com/behavior-analysis/florida/","text/html; charset=UTF-8","200","OK","Indexable","","1","0.319","",""
"https://www.soct.org/","text/html; charset=UTF-8","200","OK","Indexable","","1","0.515","",""
"https://bb.gardencityschools.com/","text/html; charset=utf-8","200","OK","Indexable","","1","1.967","",""
"https://inbloomautism.com/","text/html; charset=UTF-8","200","OK","Indexable","","1","1.185","",""
"https://springbrookny.org/","text/html; charset=UTF-8","200","OK","Indexable","","1","0.197","",""
"https://nashobalearninggroup.org/","text/html; charset=UTF-8","200","OK","Indexable","","1","0.269","",""
"https://dental.nyu.edu/patientcare/ohcpd.html","text/html; charset=iso-8859-1","403","Forbidden","Non-Indexable","Client Error","1","0.229","",""
"https://www.nimh.nih.gov/health/topics/autism-spectrum-disorders-asd","text/html; charset=UTF-8","200","OK","Indexable","","1","0.084","",""
"https://www.wisconsinilc.org/","text/html; charset=UTF-8","200","OK","Indexable","","1","0.092","",""
"https://healthcare.ascension.org/locations/texas/txaus/dcmc","text/html; charset=utf-8","200","OK","Indexable","","1","1.314","",""
"https://autismcareertraining.org/","text/html; charset=UTF-8","200","OK","Indexable","","2","0.101","",""
"https://www.eastersealschicago.org/programs/illinois-autism-partnership","text/html; charset=utf-8","200","OK","Indexable","","1","0.773","",""
"https://midb.umn.edu/","text/html; charset=UTF-8","200","OK","Indexable","","1","0.888","",""
"https://viacenters.org/","text/html; charset=UTF-8","200","OK","Indexable","","1","0.111","",""
"https://cdd.center.uiowa.edu/","text/html; charset=UTF-8","200","OK","Indexable","","1","1.449","",""
"https://thetimothyschool.org/","text/html;charset=utf-8","200","OK","Indexable","","1","0.478","",""
"https://circlecityaba.com/","text/html; charset=UTF-8","200","OK","Indexable","","1","0.102","",""
"https://triad.vumc.org/","text/html; charset=utf-8","302","Found","Non-Indexable","Redirected","1","0.275","https://vkc.vumc.org/vkc/triad/home/","HTTP Redirect"
"https://www.projecthopesc.org/education","text/html;charset=utf-8","200","OK","Indexable","","1","0.068","",""
"https://www.card.miami.edu/","text/html; charset=UTF-8","200","OK","Indexable","","1","0.217","",""
"https://www.autismfl.org/","text/html; charset=UTF-8","200","OK","Indexable","","1","0.091","",""
"https://www.hhs.nd.gov/cfs/autism-services","text/html; charset=UTF-8","200","OK","Indexable","","1","3.180","",""
"https://www.atlasforautism.org/school/","text/html; charset=UTF-8","200","OK","Indexable","","1","0.277","",""
"https://www.uwyo.edu/wind/","text/html; charset=utf-8","200","OK","Indexable","","1","0.126","",""
"https://www.providence.org/","text/html; charset=utf-8","200","OK","Indexable","","1","0.720","",""
"https://www.completeneurologicalcare.com/service/autism","text/html","200","OK","Indexable","","1","0.219","",""
"https://www.pace.edu/oasis","text/html; charset=UTF-8","200","OK","Indexable","","1","0.066","",""
"https://www.fi-florida.org/","text/html; charset=UTF-8","200","OK","Indexable","","1","0.132","",""
"https://jaynolan.org/","text/html; charset=UTF-8","200","OK","Indexable","","1","0.273","",""
"https://www.seedsforautism.org/","text/html;charset=utf-8","200","OK","Indexable","","1","0.062","",""
"https://www.projectsearch.us/","text/html; charset=utf-8","200","OK","Indexable","","1","0.099","",""
"https://www.harborhaven.com/","text/html;charset=utf-8","200","OK","Indexable","","1","0.053","",""
"https://weillcornell.org/services/pediatric-neurology","text/html; charset=utf-8","200","OK","Indexable","","1","0.060","",""
"https://birchfamilyservices.org/birch-family-services/life-skills-family-support/day-habilitation/","text/html; charset=UTF-8","200","OK","Indexable","","1","0.243","",""
"https://ctasupports.com/","text/html; charset=UTF-8","200","OK","Indexable","","1","0.098","",""
"https://stridecenters.com/locations/sioux-falls-sd/","text/html; charset=UTF-8","200","OK","Indexable","","1","0.238","",""
"https://www.socialthinking.com/","text/html; charset=utf-8","200","OK","Indexable","","1","0.129","",""
"https://unpkg.com/leaflet@1.9.4/dist/leaflet.js","text/javascript; charset=utf-8","200","OK","Indexable","","0","0.187","",""
"https://brennen.christinak12.org/","text/html; charset=utf-8","200","OK","Indexable","","1","0.075","",""
"https://health.hawaii.gov/ddd/","text/html; charset=UTF-8","200","OK","Indexable","","1","0.948","",""
"https://www.tandemnorthwest.org/","text/html;charset=utf-8","200","OK","Indexable","","1","0.108","",""
"https://www.jccotp.org/programs/adult-day-habilitation-program/","text/html; charset=UTF-8","200","OK","Indexable","","1","3.371","",""
"https://popcornforthepeople.com/","text/html; charset=utf-8","301","Moved Permanently","Non-Indexable","Redirected","1","0.138","https://www.popcornforthepeople.com/","HTTP Redirect"
"https://www.spectrumhouse.org/","text/html","200","OK","Indexable","","1","0.056","",""
"https://www.uab.edu/civitansparks/","text/html; charset=iso-8859-1","301","Moved Permanently","Non-Indexable","Redirected","1","0.049","https://www.uab.edu/medicine/civitansparks","HTTP Redirect"
"https://med.nyu.edu/departments-institutes/neurology/divisions-centers/child-neurology","text/html; charset=UTF-8","200","OK","Indexable","","1","0.435","",""
"https://www.autism.org/","text/html; charset=UTF-8","301","Moved Permanently","Non-Indexable","Redirected","1","0.711","https://autism.org/","HTTP Redirect"
"https://kayneerasschool.org/","text/html; charset=UTF-8","200","OK","Indexable","","1","0.165","",""
"https://autismcarepartners.com/","text/html; charset=UTF-8","200","OK","Indexable","","1","0.755","",""
"https://www.tsa.gov/travel/tsa-cares","text/html; charset=UTF-8","200","OK","Indexable","","1","0.052","",""
"https://dspd.utah.gov/","text/html; charset=UTF-8","200","OK","Indexable","","1","0.154","",""
"https://centeracademy.com/","text/html; charset=UTF-8","200","OK","Indexable","","1","0.131","",""
"https://oakstoneacademy.org/","text/html","200","OK","Indexable","","1","0.073","",""
"https://www.sfacs.org/","text/html;charset=utf-8","200","OK","Indexable","","1","0.520","",""
"https://washingtonautismalliance.org/","text/html; charset=UTF-8","200","OK","Indexable","","1","0.198","",""
"https://ncfl.net/","text/html; charset=UTF-8","200","OK","Indexable","","1","0.124","",""
"https://www.bluesprigautism.com/centers/north-carolina/","text/html; charset=UTF-8","200","OK","Indexable","","1","0.399","",""
"https://eden2.org/residential-services-program/","text/html; charset=UTF-8","200","OK","Indexable","","1","0.756","",""
"https://hdi.uky.edu/","text/html; charset=UTF-8","200","OK","Indexable","","1","0.683","",""
"https://archrespite.org/","text/html; charset=UTF-8","200","OK","Indexable","","1","0.124","",""
"https://www.beingcreativeworks.org/","text/html;charset=utf-8","200","OK","Indexable","","1","0.061","",""
"https://www.autismcollier.org/","text/html; charset=UTF-8","200","OK","Indexable","","1","0.083","",""
"https://www.amazon.com/Neurotribes-Legacy-Autism-Future-Neurodiversity/dp/0399185615","text/html;charset=UTF-8","200","OK","Indexable","","1","0.206","",""
"https://neurabilities.com/","text/html; charset=UTF-8","200","OK","Indexable","","1","0.214","",""
"https://www.calautism.org/programs/abc-adult-day-program/","text/html; charset=UTF-8","200","OK","Indexable","","1","0.146","",""
"https://www.linwoodcenter.org/","text/html; charset=UTF-8","200","OK","Indexable","","1","0.047","",""
"https://education.ohio.gov/Topics/Other-Resources/Scholarships/Autism-Scholarship","text/html; charset=utf-8","200","OK","Indexable","","1","0.262","",""
"https://www.cincinnatichildrens.org/service/k/autism","text/html; charset=utf-8","200","OK","Indexable","","1","0.718","",""
"https://www.marshall.edu/atc/","text/html; charset=UTF-8","200","OK","Indexable","","1","1.997","",""
"https://ascv.org/","text/html; charset=UTF-8","200","OK","Indexable","","1","0.077","",""
"https://jamminjenn.com/","text/html; charset=UTF-8","200","OK","Indexable","","1","0.062","",""
"https://cadenzacenter.com/","text/html; charset=UTF-8","200","OK","Indexable","","1","0.191","",""
"https://wilderschoolvt.com/","text/html; charset=utf-8","200","OK","Indexable","","1","0.428","",""
"https://www.thewatsoninstitute.org/","text/html; charset=UTF-8","200","OK","Indexable","","1","0.252","",""
"https://www.achievebeyondusa.com/locations/new-york/new-york-city/","text/html; charset=UTF-8","200","OK","Indexable","","1","0.357","",""
"https://www.teaam.org/","text/html;charset=utf-8","200","OK","Indexable","","1","0.051","",""
"https://act-today.org/","text/html; charset=UTF-8","301","Moved Permanently","Non-Indexable","Redirected","1","0.270","https://www.act-today.org/","HTTP Redirect"
"https://www.dmh.ms.gov/service-options/idd-services/","text/html; charset=UTF-8","200","OK","Indexable","","1","0.221","",""
"https://www.acornhealth.com/","text/html; charset=UTF-8","301","Moved Permanently","Non-Indexable","Redirected","1","1.421","https://acornhealth.com/","HTTP Redirect"
"https://www.chapelhaven.org/","text/html; charset=UTF-8","200","OK","Indexable","","3","0.100","",""
"https://www.seattlechildrens.org/clinics/autism-center/","text/html; charset=utf-8","200","OK","Indexable","","1","0.459","",""
"https://mh.alabama.gov/autism-services/","text/html; charset=UTF-8","200","OK","Indexable","","1","0.149","",""
"https://www.firsthandfoundation.org/","text/html","301","Moved Permanently","Non-Indexable","Redirected","1","0.114","https://firsthandfoundation.org/","HTTP Redirect"
"https://howardcenter.org/","text/html; charset=UTF-8","200","OK","Indexable","","1","0.054","",""
"https://howardcenter.org/developmental-services/education/","text/html; charset=UTF-8","200","OK","Indexable","","1","0.055","",""
"https://autismcenter.duke.edu/","text/html; charset=UTF-8","200","OK","Indexable","","1","0.259","",""
"https://www.advancedtherapyclinic.com/","text/html; charset=utf-8","200","OK","Indexable","","1","0.096","",""
"https://avenuesforautism.org/adult-day-services/","text/html; charset=UTF-8","200","OK","Indexable","","1","1.339","",""
"https://www.insideoutmz.com/services/autism","text/html; charset=UTF-8","301","Moved Permanently","Non-Indexable","Redirected","1","0.733","https://insideoutmz.com/autism/","HTTP Redirect"
"https://somersetchildrenscenter.org/","text/html; charset=UTF-8","200","OK","Indexable","","1","5.266","",""
"https://www.treehousetherapies.net/","text/html; charset=UTF-8","200","OK","Indexable","","1","0.088","",""
"https://a-town.org/","text/html;charset=utf-8","200","OK","Indexable","","1","0.086","",""
"https://www.lifeskillswyo.com/","text/html; charset=UTF-8","200","OK","Indexable","","1","0.179","",""
"https://www.vermontfamilynetwork.org/","text/html; charset=UTF-8","200","OK","Indexable","","1","0.448","",""
"https://sfa-center.org/adult-programming/","text/html; charset=UTF-8","200","OK","Indexable","","1","0.123","",""
"https://autismlearningpartners.com/locations/california/","text/html; charset=UTF-8","200","OK","Indexable","","1","0.290","",""
"https://www.valleyhealth.com/services/developmental-pediatrics","text/html; charset=UTF-8","200","OK","Indexable","","1","0.065","",""
"https://autismsciencefoundation.org/","text/html; charset=UTF-8","200","OK","Indexable","","1","0.171","",""
"https://www.abacenterspa.com/","text/html; charset=UTF-8","200","OK","Indexable","","1","0.098","",""
"https://www.nyp.org/psychiatry/center-for-autism-the-developing-brain","text/html; charset=UTF-8","200","OK","Indexable","","1","0.056","",""
"https://www.mikesseafood.com/","text/html; charset=UTF-8","403","Forbidden","Non-Indexable","Client Error","1","0.166","",""
"https://www.dcautismparents.org/","text/html;charset=utf-8","200","OK","Indexable","","1","0.051","",""
"https://nationalautismassociation.org/","text/html; charset=UTF-8","200","OK","Indexable","","1","0.131","",""
"https://www.abacentersri.com/","text/html; charset=UTF-8","200","OK","Indexable","","1","0.117","",""
"https://www.actionbehavior.com/state/texas","text/html; charset=utf-8","200","OK","Indexable","","2","0.087","",""
"https://www.autismdelaware.org/","text/html; charset=UTF-8","200","OK","Indexable","","2","0.072","",""
"https://www.autismsd.org/","text/html; charset=UTF-8","301","Moved Permanently","Non-Indexable","Redirected","1","0.558","https://autismsd.org/","HTTP Redirect"
"https://abacentersfl.com/","text/html; charset=UTF-8","200","OK","Indexable","","1","0.110","",""
"https://www.dreamswithwings.org/","text/html; charset=UTF-8","200","OK","Indexable","","1","0.094","",""
"https://www.trinityschoolokc.org/","text/html;charset=UTF-8","200","OK","Indexable","","1","0.262","",""
"https://aaed.org/","text/html; charset=UTF-8","200","OK","Indexable","","1","0.077","",""
"https://www.familyres.org/","text/html; charset=UTF-8","200","OK","Indexable","","1","0.046","",""
"https://www.boisegrouphomes.com/","text/html; charset=UTF-8","200","OK","Indexable","","1","0.331","",""
"https://www.lionsgate.academy/","text/html; charset=UTF-8","403","Forbidden","Non-Indexable","Client Error","1","0.139","",""
"https://www.alaskaarc.org/","text/html; charset=UTF-8","200","OK","Indexable","","2","0.086","",""
"https://oklahoma.gov/okdhs/services/dds.html","text/html;charset=utf-8","200","OK","Indexable","","1","0.077","",""
"https://camphillca.org/","text/html; charset=UTF-8","200","OK","Indexable","","1","0.143","",""
"https://health.ucdavis.edu/mindinstitute/","text/html; charset=UTF-8","301","Moved Permanently","Non-Indexable","Redirected","1","0.135","https://health.ucdavis.edu/mind-institute/","HTTP Redirect"
"https://www.bestbuddies.org/","text/html; charset=UTF-8","200","OK","Indexable","","1","0.194","",""
"https://www.dhs.wisconsin.gov/disabilities/index.htm","text/html; charset=UTF-8","200","OK","Indexable","","1","3.475","",""
"https://autismnavigator.com/","text/html; charset=UTF-8","200","OK","Indexable","","1","0.088","",""
"https://riseupforautism.com/","text/html; charset=utf-8","200","OK","Indexable","","1","0.068","",""
"https://aconv.org/","text/html; charset=UTF-8","200","OK","Indexable","","1","0.087","",""
"https://nssa.net/","text/html; charset=UTF-8","200","OK","Indexable","","1","0.119","",""
"https://www.mariposaschool.org/","text/html; charset=UTF-8","200","OK","Indexable","","1","0.093","",""
"https://www.camphillkimberton.org/","text/html;charset=utf-8","200","OK","Indexable","","1","0.426","",""
"https://www.kulturecity.org/","text/html; charset=UTF-8","403","Forbidden","Non-Indexable","Client Error","1","0.044","",""
"https://westvirginia-autism-society.org/","text/html; charset=UTF-8","200","OK","Indexable","","2","2.195","",""
"https://sfa-center.org/","text/html; charset=UTF-8","200","OK","Indexable","","1","0.190","",""
"https://meridell.com/","text/html; charset=UTF-8","200","OK","Indexable","","1","0.473","",""
"https://www.westonwood.org/","text/html; charset=UTF-8","200","OK","Indexable","","1","0.083","",""
"https://www.skylandscenter.org/","text/html;charset=utf-8","200","OK","Indexable","","1","0.047","",""
"https://pc.fsu.edu/ecap","text/html; charset=UTF-8","200","OK","Indexable","","1","0.052","",""
"https://www.earlyautismservices.com/locations/boise","text/html; charset=utf-8","200","OK","Indexable","","1","0.072","",""
"https://www.fau.edu/education/centersandprograms/card/","text/html; charset=UTF-8","200","OK","Indexable","","2","0.097","",""
"https://www.victoryacademy.org/","text/html; charset=utf-8","200","OK","Indexable","","2","0.459","",""
"https://www.wolfsonchildrens.com/","text/html; charset=utf-8","200","OK","Indexable","","1","0.371","",""
"https://brookwoodcommunity.org/","text/html; charset=UTF-8","200","OK","Indexable","","1","1.341","",""
"https://www.rwjbh.org/","text/html; charset=utf-8","200","OK","Indexable","","1","0.191","",""
"https://morningsideacademy.org/","text/html; charset=UTF-8","200","OK","Indexable","","1","10.067","",""
"https://cumberlandacademy.org/","text/html; charset=UTF-8","200","OK","Indexable","","1","0.466","",""
"https://www.aucociscoschool.org/","text/html;charset=utf-8","200","OK","Indexable","","1","0.110","",""
"https://www.misericordia.com/","text/html; charset=UTF-8","403","Forbidden","Non-Indexable","Client Error","1","0.052","",""
"https://breckenridgevillage.com/","text/html; charset=UTF-8","200","OK","Indexable","","1","0.629","",""
"https://www.mscentersforautism.org/","text/html;charset=utf-8","200","OK","Indexable","","1","0.102","",""
"https://dhss.delaware.gov/ddds/","text/html; charset=UTF-8","200","OK","Indexable","","1","1.525","",""
"https://www.mnautism.org/","text/html; charset=UTF-8","200","OK","Indexable","","1","0.718","",""
"https://www.hopebridge.com/","text/html; charset=UTF-8","200","OK","Indexable","","3","0.059","",""
"https://www.miriamstl.org/","text/html; charset=utf-8","200","OK","Indexable","","1","0.127","",""
"https://www.autismsocietyidaho.org/","text/html; charset=UTF-8","200","OK","Indexable","","1","0.101","",""
"https://teacch.com/adult_services/cllc/","text/html; charset=UTF-8","200","OK","Indexable","","1","0.056","",""
"https://www.autismcouncil.org/","text/html","200","OK","Indexable","","1","0.059","",""
"https://autismnebraska.org/","text/html; charset=UTF-8","200","OK","Indexable","","1","1.519","",""
"https://www.nemours.org/","text/html;charset=utf-8","200","OK","Indexable","","1","0.067","",""
"https://www.andersoncenterforautism.org/residential-program-adults/","text/html; charset=UTF-8","200","OK","Indexable","","1","0.256","",""
"https://unpkg.com/leaflet.markercluster@1.5.3/dist/leaflet.markercluster.js","text/javascript; charset=utf-8","200","OK","Indexable","","0","0.060","",""
"https://midwest.easterseals.com/","text/html; charset=UTF-8","200","OK","Indexable","","1","0.059","",""
"https://www.ohsu.edu/doernbecher/pediatric-autism","text/html; charset=UTF-8","200","OK","Indexable","","1","1.423","",""
"https://www.spectrumcharter.org/","text/html; charset=UTF-8","200","OK","Indexable","","1","0.303","",""
"https://mansef.org/school/csaac-community-school-of-maryland/","text/html; charset=UTF-8","200","OK","Indexable","","1","2.568","",""
"https://www.tobiidynavox.com/","text/html; charset=utf-8","200","OK","Indexable","","1","0.130","",""
"https://www.riverviewschool.org/","text/html; charset=UTF-8","200","OK","Indexable","","1","0.092","",""
"https://vcuautismcenter.org/","text/html;charset=UTF-8","200","OK","Indexable","","1","0.087","",""
"https://autismwny.org/","text/html; charset=UTF-8","200","OK","Indexable","","1","0.172","",""
"https://www.columbiadoctors.org/treatments-conditions/autism","text/html; charset=utf-8","200","OK","Indexable","","1","0.812","",""
"https://nmautismsociety.org/","text/html; charset=utf-8","200","OK","Indexable","","1","0.339","",""
"https://besafethemovie.com/","text/html; charset=UTF-8","200","OK","Indexable","","1","0.913","",""
"https://www.hopkinsmedicine.org/psychiatry/patient-information/bayview/adult/autism-dev-disabilities","text/html; charset=UTF-8","403","Forbidden","Non-Indexable","Client Error","1","0.120","",""
"https://www.spectrumartsautism.org/","","0","DNS lookup failed","Non-Indexable","No Response","1","","",""
"https://www.includenyc.org/","text/html","301","Moved Permanently","Non-Indexable","Redirected","1","0.197","https://includenyc.org/","HTTP Redirect"
"https://www.rchsd.org/programs-services/autism-discovery-institute/","text/html; charset=UTF-8","200","OK","Indexable","","1","0.076","",""
"https://autismandrace.com/","text/html; charset=UTF-8","200","OK","Indexable","","1","0.648","",""
"https://www.jdch.com/services/neurology/","text/html; charset=utf-8","200","OK","Indexable","","1","0.970","",""
"https://www.marysunshinehouse.org/","text/html; charset=UTF-8","200","OK","Indexable","","1","0.583","",""
"https://www.adelphi.edu/bridges/","text/html; charset=UTF-8","200","OK","Indexable","","1","0.644","",""
"https://piercenter.org/","text/html; charset=utf-8","200","OK","Indexable","","1","1.242","",""
"https://edenautism.org/","text/html; charset=UTF-8","200","OK","Indexable","","2","0.318","",""
"https://www.comop.org/","text/html; charset=UTF-8","200","OK","Indexable","","1","0.496","",""
